date,PB01,PB02,PB03,PB04,PB05,PB06,PB07,PB08,BB01,BB02,BB03,BB04,BB05,BB06,BB07,VB01,VB02,VB03,VB04,VB05
2018-01-02,0,0,0,0,0,0,0.0,0.0,0,0,0,0,0,,,0,0,0,0,
2018-01-03,0,0,0,0,0,0,-0.00603,-0.00035,0,0,0,0,0,,,0,0,0,0,
2018-01-04,0,0,0,0,0,0,-0.00324,-0.00051,0,0,0,0,0,,,0,0,0,0,
2018-01-05,0,0,0,0,0,0,0.00033,-0.00044,0,0,0,0,0,,,0,0,0,0,
2018-01-08,0,0,0,0,0,0,0.00371,-0.00018,0,0,0,0,0,,,0,0,0,0,
2018-01-09,1,1,0,0,1,0,0.00508,0.00013,0,0,0,0,0,,,0,1,0,0,
2018-01-10,1,1,0,0,1,0,0.00441,0.00037,0,0,0,0,0,,,0,1,0,0,
2018-01-11,1,1,0,0,1,0,0.00945,0.00088,0,0,0,0,0,,,0,1,0,0,
2018-01-12,1,1,0,0,0,0,-0.00614,0.00045,0,0,0,0,0,,,0,1,0,0,
2018-01-15,1,1,0,0,1,0,0.04237,0.00276,0,0,0,0,0,,,0,1,0,0,
2018-01-16,1,1,0,0,1,0,0.02067,0.00373,0,0,0,0,0,,,0,1,0,0,
2018-01-17,1,1,0,0,1,0,0.02111,0.00457,0,0,0,0,0,,,0,1,0,0,
2018-01-18,1,1,0,0,1,0,0.03241,0.00592,0,0,0,0,0,,,0,1,0,0,
2018-01-19,1,1,0,0,1,0,0.0352,0.00732,0,0,0,0,0,,0.01408,0,1,0,0,
2018-01-22,1,1,0,0,0,0,0.03213,0.00844,0,0,0,0,0,,0.01361,0,0,0,0,
2018-01-23,1,1,0,0,1,0,0.01785,0.00876,0,0,0,0,0,,0.01409,0,1,0,0,
2018-01-24,1,1,0,0,0,0,0.0109,0.00861,0,0,0,0,0,,0.01479,0,0,0,0,
2018-01-25,1,1,0,0,0,0,-0.00198,0.00778,0,0,0,0,0,,0.01587,0,0,0,0,
2018-01-26,1,1,0,0,0,0,-0.01286,0.00636,0,0,0,0,0,,0.01636,0,0,0,0,
2018-01-29,1,1,1,0,0,0,0.01898,0.00665,0,0,0,0,0,0.38725,0.0182,1,0,0,1,0.67303
2018-01-30,1,1,1,0,1,0,0.02125,0.00721,0,0,0,0,0,0.43303,0.01836,0,0,0,1,-0.39933
2018-01-31,1,1,1,0,1,1,0.03403,0.00836,0,0,0,0,0,0.75666,0.01869,0,1,0,1,-0.09494
2018-02-01,1,1,1,0,1,1,0.03398,0.00947,0,0,0,0,0,0.71546,0.01776,1,1,1,1,1.16298
2018-02-02,1,1,1,0,1,0,0.02975,0.01027,0,0,0,0,0,0.5722,0.01486,0,1,0,1,-0.35473
2018-02-05,1,1,1,0,0,0,0.01185,0.01014,0,0,0,0,0,0.04763,0.01538,1,1,0,1,0.15224
2018-02-06,1,1,0,0,0,0,0.00681,0.00961,0,0,0,0,0,-0.12113,0.01539,0,1,0,1,-0.20079
2018-02-07,1,1,1,0,1,1,0.05062,0.01112,1,0,0,0,0,1.07451,0.01663,1,1,1,1,2.57208
2018-02-08,1,1,1,0,1,1,0.05179,0.0129,0,0,0,0,0,0.98944,0.01626,0,1,0,1,-0.45977
2018-02-09,1,1,1,0,1,1,0.06838,0.01519,1,0,0,0,0,1.2373,0.0171,1,1,0,1,0.84564
2018-02-12,1,1,1,0,1,0,0.05446,0.01691,0,0,0,0,0,0.85463,0.01776,0,1,0,0,-0.0801
2018-02-13,1,1,1,0,1,0,0.05232,0.0182,0,0,0,0,0,0.75476,0.0176,0,1,0,1,-0.39207
2018-02-14,1,1,1,0,1,0,0.04342,0.019,0,0,0,0,0,0.55312,0.017,0,1,0,1,-0.39136
2018-02-15,1,1,1,0,1,0,0.04142,0.01951,0,0,1,0,0,0.50128,0.01649,0,1,0,1,-0.38865
2018-02-16,1,1,1,0,0,0,0.03659,0.01977,0,0,0,0,0,0.40556,0.01426,0,0,0,1,-0.60628
2018-02-19,1,1,1,0,0,0,0.03159,0.01974,0,0,0,0,0,0.31049,0.01449,0,0,0,1,-0.45939
2018-02-20,1,1,1,0,0,0,0.03796,0.01985,0,0,0,0,0,0.41631,0.01459,0,0,0,1,-0.38068
2018-02-21,1,1,1,0,1,0,0.03825,0.02008,0,0,0,0,0,0.4083,0.01418,0,0,0,1,-0.52537
2018-02-22,1,1,1,0,1,0,0.05048,0.02072,0,0,0,0,0,0.63188,0.01454,0,1,0,1,-0.21006
2018-02-23,1,1,1,0,1,0,0.0372,0.02105,0,0,0,0,0,0.3798,0.01454,0,1,0,1,-0.04104
2018-02-26,1,1,1,0,1,1,0.05095,0.02158,0,0,1,0,0,0.69101,0.01547,0,1,0,0,-0.15774
2018-02-27,1,1,1,0,1,1,0.0654,0.02279,0,0,0,0,0,0.96923,0.0135,0,1,0,1,-0.24443
2018-02-28,1,1,1,0,1,0,0.05678,0.02387,0,0,0,0,0,0.7349,0.01446,0,1,0,1,-0.24988
2018-03-01,1,1,1,0,1,1,0.07092,0.02511,0,0,0,0,0,0.95782,0.01433,0,1,0,1,-0.06226
2018-03-02,1,1,1,0,1,1,0.07103,0.02652,0,0,1,0,0,0.89444,0.01324,0,1,0,1,-0.40063
2018-03-05,1,1,1,0,1,0,0.06747,0.02769,0,0,1,0,0,0.82474,0.01309,0,1,0,1,-0.29665
2018-03-06,1,1,1,0,1,0,0.06418,0.02858,0,0,1,0,0,0.81232,0.01332,0,0,0,1,-0.50347
2018-03-07,1,1,1,0,1,0,0.05609,0.0291,0,0,1,0,0,0.61016,0.01399,0,0,0,1,-0.26841
2018-03-08,1,1,1,0,1,1,0.06334,0.02955,0,0,1,0,0,0.74761,0.01462,1,1,1,1,1.51368
2018-03-09,1,1,1,0,1,1,0.06208,0.03011,0,0,1,0,0,0.69631,0.01455,1,1,0,1,0.793
2018-03-12,1,1,1,0,1,1,0.06311,0.03061,0,0,1,0,0,0.69097,0.0139,0,1,0,1,-0.33732
2018-03-13,1,1,1,0,1,1,0.07299,0.03132,0,0,1,0,0,0.83546,0.01454,1,1,0,1,0.19414
2018-03-14,1,1,1,0,1,0,0.04404,0.03153,0,0,0,0,0,0.27583,0.01574,1,1,0,0,0.07265
2018-03-15,1,1,1,0,0,0,0.03715,0.03076,0,0,0,0,0,0.13536,0.0152,0,1,0,0,-0.15872
2018-03-16,1,1,0,0,0,0,0.02439,0.02954,0,0,0,0,0,-0.15373,0.01464,1,0,0,0,0.00941
2018-03-19,1,1,0,0,0,0,0.02513,0.02811,0,0,0,0,0,-0.17305,0.01434,0,0,0,0,-0.27149
2018-03-20,1,1,0,0,0,0,0.00662,0.02628,0,0,0,0,0,-0.67571,0.01496,1,0,0,0,0.33706
2018-03-21,1,1,0,0,0,0,0.00818,0.0242,0,0,0,0,0,-0.67496,0.01402,1,0,0,0,0.71768
2018-03-22,1,1,0,0,0,0,0.00943,0.02241,0,0,0,0,0,-0.6267,0.01414,0,1,0,1,-0.16281
2018-03-23,1,1,0,0,0,0,0.00147,0.02052,0,0,0,0,0,-0.85986,0.01451,0,1,0,1,-0.02643
2018-03-26,1,1,0,0,0,0,0.00592,0.01882,0,0,0,0,0,-0.69715,0.01518,1,1,1,1,1.33163
2018-03-27,1,1,0,0,1,0,0.02649,0.01817,0,0,0,0,0,-0.10266,0.01543,1,1,0,1,0.02036
2018-03-28,1,1,0,0,1,0,0.02853,0.01801,0,0,0,0,0,-0.02292,0.0144,0,1,0,1,-0.48825
2018-03-29,1,1,1,0,1,0,0.02842,0.01789,0,0,0,0,0,0.01972,0.01372,0,1,0,1,-0.34872
2018-03-30,1,1,0,0,1,0,0.00786,0.01696,0,0,0,0,0,-0.48755,0.01522,1,1,0,1,2.24051
2018-04-02,1,1,0,0,1,0,0.00798,0.0158,0,0,0,1,0,-0.43046,0.01508,0,0,0,1,-0.59243
2018-04-03,1,1,0,0,0,0,0.01204,0.01493,0,0,0,0,0,-0.27317,0.01351,0,0,0,1,-0.35329
2018-04-04,1,1,0,0,0,0,-0.0178,0.01287,0,0,0,0,0,-0.94445,0.01567,1,0,0,1,0.037
2018-04-05,1,1,0,0,0,0,-0.00081,0.0114,0,0,0,0,0,-0.47334,0.01575,0,0,0,1,-0.21146
2018-04-06,1,1,0,0,0,0,0.00054,0.01033,0,0,0,0,0,-0.397,0.01507,0,1,0,1,-0.28352
2018-04-09,1,1,0,0,0,0,0.00783,0.00973,0,0,0,0,0,-0.15723,0.014,0,1,0,1,-0.33497
2018-04-10,1,1,0,0,0,0,0.0051,0.00912,0,0,0,0,0,-0.19567,0.01371,0,1,0,1,-0.38813
2018-04-11,1,1,0,0,1,0,-0.01311,0.00763,0,0,0,0,0,-0.82831,0.0157,0,1,0,1,-0.05637
2018-04-12,1,1,0,0,0,0,-0.02049,0.00574,0,1,0,0,0,-1.00055,0.01629,0,0,0,0,-0.20516
2018-04-13,1,1,0,0,0,0,-0.03644,0.00309,0,1,0,0,0,-1.26346,0.01666,0,0,0,0,-0.29514
2018-04-16,1,1,0,0,0,0,-0.01977,0.00157,0,0,0,0,0,-0.69908,0.01698,0,0,0,0,-0.10222
2018-04-17,0,1,0,0,0,0,-0.02829,-0.00026,0,0,0,0,0,-0.85357,0.01797,0,0,0,1,-0.23904
2018-04-18,0,1,0,0,0,0,-0.03762,-0.00252,0,0,0,1,0,-0.96461,0.01946,0,0,0,1,-0.31219
2018-04-19,0,1,0,0,0,0,-0.03681,-0.00451,0,0,0,0,0,-0.84801,0.01807,0,0,0,0,-0.19758
2018-04-20,0,1,0,0,0,0,-0.03837,-0.00642,0,0,0,0,0,-0.80257,0.01755,0,0,0,0,-0.4375
2018-04-23,0,1,0,0,0,0,-0.05628,-0.00941,0,1,0,1,0,-1.00868,0.01937,1,0,0,0,0.10045
2018-04-24,0,1,0,0,0,0,-0.04815,-0.01141,0,0,0,0,0,-0.79621,0.01733,0,0,0,0,-0.06942
2018-04-25,0,1,0,0,0,0,-0.04178,-0.01281,0,0,0,1,0,-0.6515,0.01659,0,0,0,0,-0.33018
2018-04-26,0,1,0,0,0,0,-0.06437,-0.01591,0,0,0,1,0,-0.9698,0.01856,1,0,0,0,1.85247
2018-04-27,0,1,0,0,0,0,-0.05373,-0.01758,0,0,0,1,0,-0.73374,0.01852,0,0,0,0,-0.49833
2018-04-30,0,1,0,0,1,0,-0.04344,-0.01841,0,0,0,1,0,-0.53638,0.01906,1,1,1,0,1.64549
2018-05-01,0,1,1,0,1,0,-0.00626,-0.0164,0,0,0,0,0,0.13192,0.0195,1,1,0,0,0.44117
2018-05-02,0,1,0,0,1,0,-0.0155,-0.01591,0,0,0,0,0,-0.02938,0.01988,0,1,0,0,-0.12567
2018-05-03,0,1,1,0,1,0,-0.01019,-0.01492,0,0,0,0,0,0.09457,0.01885,1,1,0,0,0.92117
2018-05-04,0,1,1,0,1,0,0.00731,-0.01284,0,0,0,0,0,0.47129,0.01784,1,1,1,0,1.14204
2018-05-07,0,1,1,0,1,0,0.00239,-0.01153,0,0,0,0,0,0.44069,0.01716,0,1,0,0,-0.42861
2018-05-08,0,1,1,0,1,1,0.01141,-0.00968,0,0,0,0,0,0.71359,0.01665,0,1,0,0,-0.39462
2018-05-09,0,1,1,0,1,1,0.0206,-0.00749,0,0,0,0,0,0.8911,0.01701,0,1,0,0,-0.40087
2018-05-10,0,1,1,0,1,0,0.00592,-0.00653,0,0,0,0,0,0.55183,0.01831,0,1,0,0,-0.09392
2018-05-11,0,1,1,0,1,0,0.01071,-0.00526,0,0,0,0,0,0.60798,0.01685,0,1,0,0,-0.48244
2018-05-14,0,1,1,0,1,1,0.01999,-0.00357,0,0,0,0,0,0.75387,0.01734,0,1,0,0,-0.44711
2018-05-15,0,1,1,0,1,1,0.03385,-0.00128,0,0,1,0,0,0.91373,0.01803,0,1,0,0,-0.23257
2018-05-16,1,1,1,0,1,1,0.04417,0.00133,0,0,1,0,0,0.95783,0.01687,0,1,0,0,-0.24297
2018-05-17,1,1,1,0,1,0,0.03456,0.00316,0,0,1,0,0,0.73005,0.01705,0,1,0,0,-0.43463
2018-05-18,1,1,1,0,1,0,0.01976,0.00402,0,0,1,0,0,0.46766,0.01805,1,0,0,0,1.00211
2018-05-21,1,1,1,1,1,0,0.01828,0.00469,0,0,0,0,0,0.41354,0.01547,0,0,0,0,-0.40862
2018-05-22,1,1,1,1,0,0,0.01322,0.00502,0,0,0,0,0,0.30522,0.01462,0,0,0,0,-0.56486
2018-05-23,1,1,1,1,0,0,0.00292,0.00476,0,0,0,0,0,0.10749,0.0156,0,0,0,0,-0.32232
2018-05-24,1,1,0,1,0,0,-0.00211,0.00421,0,0,0,0,0,-0.04055,0.01497,0,0,0,0,-0.39193
2018-05-25,1,1,0,0,0,0,-0.00517,0.00352,0,0,0,0,1,-0.19056,0.01542,0,0,0,0,-0.29219
2018-05-28,1,1,0,1,0,0,0.00276,0.00332,0,0,0,0,1,-0.08119,0.01528,0,0,0,1,-0.2805
2018-05-29,1,1,0,0,0,0,-0.01317,0.00227,0,0,0,0,1,-0.57309,0.01586,1,0,0,0,0.0127
2018-05-30,1,1,0,0,0,0,-0.01118,0.00139,0,0,0,0,1,-0.57989,0.01461,0,0,0,0,-0.46853
2018-05-31,1,1,0,0,0,0,-0.01339,0.00047,0,0,0,0,1,-0.69174,0.01511,0,0,0,1,-0.36073
2018-06-01,0,1,0,0,0,0,-0.01624,-0.00053,0,0,0,0,1,-0.73695,0.01444,0,0,0,0,-0.03941
2018-06-04,0,1,0,0,0,0,0.00134,-0.0004,0,0,0,0,1,-0.20957,0.01384,1,0,0,1,0.0592
2018-06-05,0,1,0,0,1,0,0.00096,-0.0003,0,0,0,1,1,-0.21378,0.01371,0,0,0,0,-0.419
2018-06-06,0,1,0,0,0,0,-0.01291,-0.00104,0,0,0,1,1,-0.59297,0.01481,0,0,0,0,-0.09471
2018-06-07,0,1,0,0,0,0,-0.01716,-0.00196,0,0,0,1,1,-0.67778,0.01417,0,0,0,0,-0.14636
2018-06-08,0,1,0,0,0,0,-0.03506,-0.00393,0,1,0,1,0,-1.01952,0.01513,1,0,0,0,0.1231
2018-06-11,0,1,0,0,0,0,-0.01638,-0.00446,0,0,0,0,0,-0.51865,0.01591,1,0,0,0,0.37425
2018-06-12,0,1,0,0,0,0,-0.01128,-0.00468,0,0,0,0,1,-0.36586,0.01513,0,0,0,0,-0.2411
2018-06-13,0,1,0,0,0,0,-0.01564,-0.00519,0,0,0,0,1,-0.4705,0.01513,0,0,0,1,-0.17219
2018-06-14,0,1,1,0,1,0,0.00072,-0.00457,0,0,0,0,1,0.06769,0.01601,1,1,0,1,0.04749
2018-06-15,0,1,0,0,1,0,-0.01572,-0.00514,0,0,0,0,1,-0.47266,0.01673,1,1,0,1,0.13822
2018-06-18,0,1,1,0,1,0,0.00934,-0.00399,0,0,0,0,1,0.52921,0.01733,1,1,1,1,2.40145
2018-06-19,0,1,1,1,1,1,0.01053,-0.003,0,0,0,0,1,0.65412,0.01821,0,1,0,0,-0.16692
2018-06-20,0,1,1,0,1,0,0.00281,-0.00257,0,0,0,0,1,0.35284,0.01807,0,1,0,1,-0.51358
2018-06-21,0,1,1,1,1,1,0.01284,-0.00156,0,0,0,0,1,0.75937,0.01804,1,1,0,1,0.24068
2018-06-22,0,1,1,1,1,1,0.02158,-0.00017,0,0,0,0,1,0.99392,0.0181,1,1,0,0,0.00758
2018-06-25,1,1,1,1,1,1,0.02647,0.00135,1,0,0,0,1,1.05218,0.0176,0,1,0,1,-0.10682
2018-06-26,1,1,1,1,1,0,0.01564,0.00213,0,0,0,0,1,0.63981,0.01749,0,1,0,0,-0.1091
2018-06-27,1,1,1,1,1,0,0.00929,0.00248,0,0,0,0,1,0.41293,0.01764,1,1,0,1,0.25752
2018-06-28,1,1,1,1,1,0,0.01103,0.00287,0,0,0,0,1,0.43811,0.01679,0,1,0,1,-0.37358
2018-06-29,1,1,1,0,0,0,0.00292,0.00279,0,0,0,0,1,0.16377,0.01633,0,0,0,0,-0.12522
2018-07-02,1,1,0,0,0,0,-0.00744,0.00211,0,0,0,0,1,-0.15676,0.01651,0,0,0,0,-0.25104
2018-07-03,1,1,0,0,0,0,-0.01701,0.00092,0,0,0,0,1,-0.4395,0.01723,1,0,0,0,0.3696
2018-07-04,1,1,0,0,0,0,-0.00747,0.00039,0,0,0,0,1,-0.16395,0.0164,0,0,0,1,-0.23469
2018-07-05,0,1,0,0,0,0,-0.01904,-0.00078,0,0,0,0,1,-0.53635,0.01646,1,0,0,0,0.05092
2018-07-06,0,1,0,0,0,0,-0.00883,-0.00121,0,0,0,0,1,-0.31221,0.01526,0,0,0,1,-0.26623
2018-07-09,0,1,1,0,1,0,0.00668,-0.00069,0,0,0,0,1,0.20191,0.01541,1,1,0,1,0.68803
2018-07-10,0,1,0,0,1,0,-0.00592,-0.00098,0,0,0,0,1,-0.27909,0.01606,1,1,0,1,0.20222
2018-07-11,0,1,0,0,0,0,-0.01651,-0.00188,0,0,0,0,1,-0.69582,0.01616,0,0,0,1,-0.18976
2018-07-12,0,1,0,0,0,0,-0.02507,-0.00322,0,0,0,0,1,-0.90675,0.01599,0,0,0,1,-0.24967
2018-07-13,0,1,0,0,0,0,-0.03781,-0.00524,0,1,0,1,1,-1.17211,0.01705,0,0,0,1,-0.14816
2018-07-16,0,1,0,0,0,0,-0.05985,-0.00858,0,1,0,1,0,-1.36613,0.01861,1,0,0,1,0.25228
2018-07-17,0,1,0,0,0,0,-0.08039,-0.01306,0,1,0,1,0,-1.37326,0.02019,1,0,0,1,0.27095
2018-07-18,0,1,0,0,0,0,-0.08979,-0.01773,0,1,0,1,0,-1.22983,0.02106,1,0,0,1,0.01014
2018-07-19,0,1,0,0,0,0,-0.059,-0.01921,0,0,0,0,0,-0.7346,0.02167,1,0,0,0,0.28003
2018-07-20,0,1,0,0,0,0,-0.06448,-0.02155,0,0,0,0,0,-0.74629,0.02157,0,0,0,1,-0.32124
2018-07-23,0,0,0,0,0,0,-0.08964,-0.02585,0,0,0,1,0,-0.96051,0.02316,0,0,0,1,-0.06286
2018-07-24,0,0,0,0,0,0,-0.08501,-0.02877,0,0,0,1,0,-0.82968,0.02228,0,0,0,1,-0.36416
2018-07-25,0,0,0,0,0,0,-0.08087,-0.03113,0,0,0,1,0,-0.72847,0.02133,0,1,0,0,-0.41375
2018-07-26,0,0,0,0,0,0,-0.04996,-0.03037,0,0,0,0,0,-0.3658,0.02172,1,1,1,1,3.03837
2018-07-27,0,0,0,0,1,0,-0.04734,-0.03035,0,0,0,1,0,-0.31843,0.02033,0,1,0,1,-0.13367
2018-07-30,0,0,0,0,1,0,-0.02697,-0.02853,0,0,0,0,0,-0.05983,0.02042,0,1,0,0,-0.01908
2018-07-31,0,0,0,0,1,0,-0.03985,-0.02862,0,0,0,0,0,-0.20497,0.02141,0,1,0,1,-0.2857
2018-08-01,0,0,0,0,1,0,-0.04593,-0.02892,0,0,0,0,0,-0.2662,0.02089,0,1,0,0,-0.39073
2018-08-02,0,0,0,0,0,0,-0.04685,-0.02911,0,0,0,0,0,-0.26607,0.02053,0,0,0,1,-0.29845
2018-08-03,0,0,0,0,0,0,-0.04975,-0.02952,0,0,0,0,0,-0.29272,0.01846,0,0,0,1,-0.42767
2018-08-06,0,0,0,0,0,0,-0.04433,-0.02931,0,0,0,0,0,-0.20182,0.0168,0,0,0,0,-0.46436
2018-08-07,0,0,0,0,0,0,-0.03511,-0.02842,0,0,0,0,0,-0.01535,0.01654,0,0,0,0,-0.23389
2018-08-08,0,0,0,0,0,0,-0.04641,-0.02891,0,0,0,0,0,-0.23483,0.01571,0,0,0,0,-0.35867
2018-08-09,0,0,0,0,0,0,-0.05039,-0.02941,0,0,0,0,0,-0.35658,0.0161,0,0,0,0,-0.05418
2018-08-10,0,0,0,0,0,0,-0.07773,-0.0324,0,1,0,0,0,-1.13825,0.01657,1,0,0,1,0.01969
2018-08-13,0,0,0,0,0,0,-0.07968,-0.03452,0,1,0,0,0,-1.07722,0.01663,0,0,0,0,-0.36182
2018-08-14,0,0,0,0,0,0,-0.06712,-0.03509,0,0,0,0,0,-0.72207,0.017,0,0,0,1,-0.08284
2018-08-15,0,0,0,0,0,0,-0.05358,-0.03467,0,0,0,0,0,-0.42059,0.01526,0,0,0,1,-0.13681
2018-08-16,0,0,0,0,0,0,-0.05352,-0.03473,0,0,0,0,0,-0.42494,0.01514,0,0,0,1,-0.35608
2018-08-17,0,0,0,0,1,0,-0.04537,-0.03398,0,0,0,0,0,-0.23798,0.01417,0,1,0,0,-0.06685
2018-08-20,0,0,1,0,1,0,-0.0303,-0.03213,0,0,0,0,0,0.08497,0.01357,1,1,0,0,0.04204
2018-08-21,0,0,0,0,1,0,-0.03202,-0.03109,0,0,0,0,0,-0.00908,0.01347,0,1,0,0,-0.24346
2018-08-22,0,0,1,0,1,0,-0.01407,-0.02846,0,0,0,0,0,0.39483,0.01363,1,1,0,0,0.13247
2018-08-23,0,0,1,0,1,0,-0.01675,-0.02683,0,0,0,0,0,0.31392,0.01351,0,1,0,1,-0.31309
2018-08-24,0,0,1,0,1,0,-0.01944,-0.02552,0,0,0,0,0,0.23632,0.01328,0,1,0,0,-0.02664
2018-08-27,0,0,1,0,1,0,-0.02348,-0.02461,0,0,0,0,1,0.1648,0.01266,0,0,0,0,-0.23542
2018-08-28,0,0,1,0,1,1,-0.00406,-0.02207,0,0,0,0,1,0.70546,0.01277,1,1,0,0,0.10536
2018-08-29,0,0,1,0,1,1,0.00298,-0.01965,0,0,0,0,1,0.8284,0.01253,0,0,0,0,-0.01564
2018-08-30,0,0,1,0,1,0,-0.00557,-0.01827,0,0,1,0,0,0.5634,0.01142,0,0,0,0,-0.05743
2018-08-31,0,0,1,0,1,0,-0.00248,-0.01662,0,0,1,0,0,0.5919,0.01127,0,1,0,0,-0.12033
2018-09-03,0,0,1,0,1,1,0.00951,-0.0143,0,0,1,0,0,0.80367,0.01111,1,1,0,1,0.13022
2018-09-04,0,0,1,0,1,1,0.01232,-0.01219,0,0,1,0,0,0.8001,0.01037,0,1,0,0,-0.02749
2018-09-05,0,0,1,0,1,1,0.01959,-0.00982,0,0,1,0,0,0.84933,0.01084,0,1,0,0,-0.19805
2018-09-06,0,0,1,0,1,0,0.0114,-0.0083,0,0,1,0,0,0.62548,0.0108,1,1,0,0,0.10716
2018-09-07,0,0,1,0,1,0,-0.00068,-0.00764,0,0,0,0,0,0.35575,0.01064,0,1,0,0,-0.16076
2018-09-10,0,0,1,0,0,0,0.00555,-0.00654,0,0,0,0,0,0.45727,0.01081,0,1,0,1,-0.04826
2018-09-11,0,0,1,0,0,0,0.01041,-0.00529,0,0,0,0,0,0.54269,0.00995,0,1,0,0,-0.07651
2018-09-12,0,0,1,0,0,0,-0.00376,-0.00507,0,0,0,0,1,0.15158,0.01081,0,0,0,1,-0.01566
2018-09-13,0,0,1,0,0,0,0.00805,-0.00407,0,0,0,0,1,0.44956,0.01132,1,1,0,0,0.15252
2018-09-14,0,0,1,0,1,1,0.01943,-0.00253,0,0,0,0,1,0.77725,0.01206,0,1,0,0,-0.00809
2018-09-17,0,0,1,1,1,1,0.02924,-0.0006,0,0,0,0,1,0.99193,0.01138,0,1,0,0,-0.06823
2018-09-18,1,0,1,1,1,1,0.03243,0.00129,1,0,0,0,1,1.01211,0.01106,0,1,0,0,-0.11297
2018-09-19,1,0,1,1,1,0,0.02661,0.00268,0,0,0,0,1,0.76798,0.01056,0,1,0,0,-0.03399
2018-09-20,1,0,1,0,1,0,0.02245,0.00371,0,0,0,0,1,0.61131,0.01072,1,1,0,0,0.01975
2018-09-21,1,0,1,0,1,0,0.01497,0.00424,0,0,0,0,1,0.37041,0.01037,0,0,0,1,-0.41367
2018-09-24,1,0,1,0,0,0,0.01849,0.00488,0,0,0,0,1,0.48584,0.01053,0,0,0,1,-0.2981
2018-09-25,1,0,1,0,0,0,0.01683,0.00539,0,0,0,0,1,0.40843,0.01013,0,0,0,1,-0.20542
2018-09-26,1,0,1,1,0,0,0.021,0.00605,0,0,0,0,1,0.53969,0.01001,0,0,0,0,-0.12614
2018-09-27,1,0,1,0,0,0,0.01287,0.00625,0,0,0,0,1,0.21848,0.00992,1,0,0,1,0.0191
2018-09-28,1,0,0,0,0,0,0.00199,0.00584,0,0,0,0,1,-0.2736,0.01027,1,0,0,1,0.17542
2018-10-01,1,0,0,0,0,0,0.00272,0.00543,0,0,0,0,1,-0.25096,0.01005,1,0,0,1,0.02035
2018-10-02,1,0,0,0,0,0,0.00626,0.00526,0,0,0,0,1,-0.09374,0.0093,0,1,0,1,-0.21557
2018-10-03,1,0,0,0,0,0,0.00367,0.00498,0,0,0,0,1,-0.19159,0.00849,0,0,0,0,-0.10925
2018-10-04,1,0,1,1,1,0,0.01492,0.00531,0,0,0,0,1,0.31072,0.00834,1,1,0,0,0.19751
2018-10-05,1,0,0,0,1,0,0.00643,0.00522,0,0,0,0,1,-0.11046,0.00824,0,1,0,1,-0.06842
2018-10-08,1,0,0,0,1,0,0.00315,0.00492,0,0,0,0,1,-0.30073,0.00824,0,0,0,1,-0.17186
2018-10-09,1,0,0,0,0,0,-0.00235,0.00434,0,0,0,0,1,-0.57633,0.00839,0,0,0,0,-0.05766
2018-10-10,1,0,0,0,0,0,-0.00452,0.00367,0,0,0,0,1,-0.80361,0.00849,0,0,0,0,-0.18467
2018-10-11,1,0,0,0,0,0,-0.00538,0.00301,0,0,0,0,1,-0.82849,0.00824,0,0,0,1,-0.12995
2018-10-12,1,0,0,0,0,0,-0.00352,0.00251,0,0,0,0,1,-0.66107,0.00817,0,0,0,0,-0.20581
2018-10-15,1,0,0,0,0,0,-0.00334,0.00208,0,0,0,0,1,-0.59781,0.00825,0,0,0,0,-0.16103
2018-10-16,1,0,0,0,1,0,0.00124,0.00194,0,0,0,0,1,-0.3187,0.00823,1,1,0,0,0.26011
2018-10-17,1,0,1,1,1,0,0.01236,0.00245,0,0,0,0,1,0.40942,0.00854,1,1,0,1,0.22112
2018-10-18,1,0,1,1,1,1,0.01877,0.00327,0,0,0,0,1,0.83407,0.00847,0,1,0,1,-0.02995
2018-10-19,1,0,1,1,1,0,0.00764,0.00344,0,0,0,0,1,0.18035,0.00907,1,1,0,1,0.34971
2018-10-22,1,0,1,1,1,0,0.00645,0.00349,0,0,0,0,1,0.15108,0.00893,1,1,0,0,0.09253
2018-10-23,1,0,1,1,1,0,0.00838,0.00363,0,0,0,0,1,0.31562,0.00921,0,1,0,0,-0.09986
2018-10-24,1,0,0,0,0,0,-0.0003,0.0033,0,0,0,0,1,-0.2124,0.00883,0,0,0,0,-0.05459
2018-10-25,1,0,1,1,0,0,0.00347,0.00317,0,0,0,0,1,0.09211,0.00863,1,0,0,0,0.08328
2018-10-26,1,0,1,1,1,0,0.01367,0.00363,0,0,0,0,1,0.77666,0.00903,1,1,0,0,0.17081
2018-10-29,1,0,1,1,1,0,0.01198,0.00397,0,0,0,0,1,0.6231,0.00874,1,1,0,1,0.23834
2018-10-30,1,0,1,1,1,0,0.01257,0.00432,0,0,0,0,1,0.63192,0.00847,1,1,0,1,0.08598
2018-10-31,1,0,1,1,1,0,0.01303,0.00465,0,0,0,0,1,0.62444,0.00834,0,1,0,0,-0.15536
2018-11-01,1,0,1,1,1,0,0.01469,0.00504,0,0,0,0,1,0.72362,0.00817,1,1,0,0,0.08442
2018-11-02,1,0,1,1,1,1,0.02345,0.00585,1,0,1,0,1,1.06562,0.00878,0,1,0,0,-0.02407
2018-11-05,1,0,1,1,1,1,0.02384,0.00665,0,0,1,0,1,0.9589,0.00831,0,1,0,1,-0.19406
2018-11-06,1,0,1,1,1,1,0.02311,0.00733,0,0,0,0,1,0.84738,0.00734,0,1,0,0,-0.06213
2018-11-07,1,0,1,1,1,1,0.02587,0.00808,0,0,0,0,1,0.89063,0.00679,1,1,0,0,0.04454
2018-11-08,1,0,1,1,1,1,0.02719,0.00883,0,0,1,0,1,0.88321,0.00623,0,1,0,0,-0.06504
2018-11-09,1,0,1,1,1,0,0.02329,0.00934,0,0,1,0,1,0.69665,0.00634,1,1,0,0,0.06505
2018-11-12,1,0,1,1,0,0,0.01693,0.00947,0,0,0,0,1,0.42512,0.00638,1,1,0,1,0.0995
2018-11-13,1,0,1,1,1,1,0.03197,0.01024,1,0,1,0,1,1.00089,0.00687,1,1,0,0,0.39092
2018-11-14,1,0,1,1,1,0,0.02902,0.01092,0,0,1,0,0,0.80983,0.00666,1,0,0,1,0.04686
2018-11-15,1,0,1,1,0,0,0.01625,0.01093,0,0,0,0,0,0.30676,0.00687,0,0,0,1,-0.04931
2018-11-16,1,0,1,1,1,0,0.02112,0.01104,0,0,0,0,0,0.48192,0.00704,0,0,0,0,-0.0955
2018-11-19,1,0,1,1,1,0,0.02529,0.01138,0,0,0,0,0,0.62425,0.00724,1,1,0,0,0.11172
2018-11-20,1,1,1,1,0,0,0.01877,0.01143,0,0,0,0,0,0.3561,0.00752,0,0,0,1,-0.02616
2018-11-21,1,1,1,1,1,0,0.02476,0.01168,0,0,0,0,1,0.61624,0.00782,0,1,0,0,-0.07338
2018-11-22,1,1,1,1,1,1,0.03204,0.01229,0,0,0,0,1,0.93871,0.00739,1,1,0,0,0.27035
2018-11-23,1,1,1,1,1,1,0.03776,0.01316,1,0,0,0,0,1.08349,0.00779,1,1,0,0,0.04214
2018-11-26,1,1,1,1,1,1,0.04642,0.01437,1,0,1,0,0,1.24797,0.00847,1,1,0,1,0.20153
2018-11-27,1,1,1,1,1,0,0.03558,0.01512,0,0,0,0,0,0.80552,0.00889,0,1,0,0,-0.02151
2018-11-28,1,1,1,1,1,0,0.03798,0.01576,0,0,0,0,0,0.85944,0.00931,0,1,0,0,-0.31254
2018-11-29,1,1,1,1,1,0,0.03099,0.01609,0,0,0,0,0,0.59614,0.00978,1,1,0,0,0.26356
2018-11-30,1,1,1,1,1,0,0.03101,0.0163,0,0,0,0,0,0.58469,0.0098,0,1,0,0,-0.20326
2018-12-03,1,1,1,1,0,0,0.02931,0.01641,0,0,0,0,0,0.51319,0.00904,0,0,0,0,-0.04284
2018-12-04,1,1,1,1,0,0,0.0211,0.01616,0,0,0,0,0,0.19396,0.00933,1,0,0,0,0.00235
2018-12-05,1,1,1,1,0,0,0.0252,0.01598,0,0,0,0,0,0.36184,0.00899,1,0,0,1,0.04034
2018-12-06,1,1,1,1,1,0,0.02693,0.01595,0,0,0,0,0,0.4336,0.00898,0,1,0,1,-0.1742
2018-12-07,1,1,1,1,1,0,0.02978,0.01606,0,0,0,0,0,0.54748,0.00877,0,1,0,0,-0.16278
2018-12-10,1,1,1,1,0,0,0.01821,0.01573,0,0,0,0,1,0.0489,0.00953,0,1,0,0,-0.08299
2018-12-11,1,1,0,1,0,0,0.00767,0.01482,0,0,0,0,1,-0.42129,0.00972,1,1,0,0,0.19131
2018-12-12,1,1,0,1,0,0,0.00577,0.01376,0,0,0,0,1,-0.49117,0.00931,0,0,0,0,-0.26014
2018-12-13,1,1,0,1,0,0,0.00417,0.01271,0,0,0,0,1,-0.61978,0.00893,0,0,0,0,-0.15868
2018-12-14,1,1,0,1,0,0,0.00938,0.01198,0,0,0,0,1,-0.38617,0.00875,1,0,0,0,5e-05
2018-12-17,1,1,0,1,0,0,0.00742,0.01128,0,0,0,0,1,-0.48391,0.00818,1,0,0,0,0.06095
2018-12-18,1,1,0,1,0,0,0.00427,0.01049,0,0,0,0,1,-0.68145,0.00782,1,0,0,0,0.06677
2018-12-19,1,1,0,1,1,0,0.00851,0.00994,0,0,0,0,1,-0.44112,0.00757,0,0,0,0,-0.14423
2018-12-20,1,1,1,1,1,0,0.01682,0.00988,0,0,0,0,1,0.05536,0.00793,1,1,0,0,0.18127
2018-12-21,1,1,0,1,1,0,0.01094,0.00961,0,0,0,0,1,-0.22269,0.00787,0,0,0,0,-0.14442
2018-12-24,1,1,1,1,1,0,0.02225,0.00986,0,0,0,0,1,0.52462,0.00815,1,1,0,1,0.19458
2018-12-25,1,1,1,1,1,0,0.02276,0.01021,0,0,0,0,1,0.59398,0.00759,0,1,0,0,-0.21538
2018-12-26,1,1,1,1,1,1,0.02442,0.0106,0,0,0,0,1,0.74004,0.00739,0,1,0,1,-0.14417
2018-12-27,1,1,1,1,1,0,0.02329,0.01092,0,0,0,0,1,0.6812,0.00735,0,1,0,1,-0.19822
2018-12-28,1,1,1,1,1,1,0.02302,0.01119,0,0,0,0,1,0.67596,0.00653,0,1,0,0,-0.07038
2018-12-31,1,1,1,1,1,1,0.02309,0.01143,0,0,1,0,1,0.68079,0.00609,0,1,0,1,-0.05905
2019-01-01,1,1,1,1,1,1,0.0247,0.01172,0,0,1,0,0,0.72656,0.00609,0,1,0,1,-0.03522
2019-01-02,1,1,1,1,0,0,0.01722,0.01166,0,0,1,0,0,0.37524,0.00638,1,1,0,0,0.1554
2019-01-03,1,1,1,1,1,1,0.02693,0.01197,0,0,1,0,0,0.80647,0.0065,1,1,0,1,0.32789
2019-01-04,1,1,1,1,1,1,0.03623,0.01275,1,0,1,0,0,1.08851,0.00711,1,1,0,1,0.30355
2019-01-07,1,1,1,1,1,0,0.02786,0.0132,0,0,1,0,0,0.71525,0.00753,0,1,0,1,-0.22589
2019-01-08,1,1,1,1,1,1,0.03673,0.01389,0,0,1,0,0,0.9458,0.00797,1,1,0,0,0.15558
2019-01-09,1,1,1,1,1,0,0.03276,0.01445,0,0,1,0,0,0.76512,0.00768,0,1,0,1,-0.05911
2019-01-10,1,1,1,1,1,0,0.02686,0.01466,0,0,1,0,0,0.55289,0.00792,1,0,0,1,0.04877
2019-01-11,1,1,1,1,0,0,0.0253,0.01471,0,0,0,0,0,0.48712,0.00725,1,0,0,0,0.02031
2019-01-14,1,1,1,1,1,1,0.03724,0.01523,0,0,1,0,0,0.86779,0.0081,1,0,0,0,0.12197
2019-01-15,1,1,1,1,1,1,0.04503,0.01616,1,0,1,0,0,1.06799,0.00857,0,0,0,0,-0.09611
2019-01-16,1,1,1,1,1,1,0.04698,0.01718,1,0,1,0,0,1.05074,0.00873,1,1,0,1,0.00373
2019-01-17,1,1,1,1,1,1,0.05176,0.01831,1,0,1,0,0,1.07376,0.00908,1,1,0,1,0.11866
2019-01-18,1,1,1,1,1,0,0.04772,0.01926,0,0,1,0,0,0.90751,0.00908,0,1,0,0,-0.18225
2019-01-21,1,1,1,1,1,0,0.03987,0.01976,0,0,0,0,0,0.65363,0.00922,1,1,0,1,0.03573
2019-01-22,1,1,1,1,1,1,0.05004,0.02045,0,0,1,0,0,0.88207,0.00964,0,1,0,0,-0.0989
2019-01-23,1,1,1,1,1,1,0.0531,0.02135,0,0,1,0,0,0.89328,0.00926,0,1,0,0,-0.11898
2019-01-24,1,1,1,1,1,1,0.0635,0.02256,1,0,1,0,0,1.03975,0.00955,0,1,0,1,-0.00878
2019-01-25,1,1,1,1,1,0,0.04848,0.02336,0,0,1,0,0,0.66098,0.00995,1,1,0,0,0.16972
2019-01-28,1,1,1,1,1,0,0.04798,0.02377,0,0,0,0,0,0.63228,0.00919,0,1,0,0,-0.10273
2019-01-29,1,1,1,1,1,0,0.0408,0.0239,0,0,0,0,0,0.45735,0.00932,0,1,0,0,-0.05343
2019-01-30,1,1,1,1,1,1,0.05531,0.02434,0,0,1,0,0,0.79931,0.00998,1,1,1,0,2.03487
2019-01-31,1,1,1,1,0,0,0.04204,0.02461,0,0,0,0,0,0.46819,0.01065,1,1,0,1,0.09336
2019-02-01,1,1,1,1,1,1,0.05239,0.02491,0,0,0,0,0,0.71318,0.0108,1,1,0,0,0.25384
2019-02-04,1,1,1,1,1,1,0.05199,0.02538,0,0,0,0,0,0.69656,0.01045,0,1,0,0,-0.18937
2019-02-05,1,1,1,1,1,0,0.04967,0.02572,0,0,0,0,0,0.62656,0.01029,0,1,0,0,-0.52343
2019-02-06,1,1,1,1,1,1,0.06027,0.0263,0,0,0,0,0,0.86965,0.01092,1,1,0,0,0.24865
2019-02-07,1,1,1,1,1,1,0.06848,0.02728,1,0,1,0,0,1.03352,0.01204,1,1,0,0,0.11699
2019-02-08,1,1,1,1,1,0,0.05685,0.02803,0,0,0,0,0,0.76198,0.01275,0,1,0,0,-0.10802
2019-02-11,1,1,1,1,1,1,0.07797,0.02901,1,0,1,0,0,1.2008,0.01358,1,1,0,0,0.70565
2019-02-12,1,1,1,1,1,0,0.07139,0.03021,0,0,0,0,0,0.96401,0.01359,1,1,0,0,1.07282
2019-02-13,1,1,1,1,1,0,0.05014,0.03062,0,0,0,0,0,0.46469,0.0141,0,0,0,0,-0.02782
2019-02-14,1,1,1,1,0,0,0.03338,0.02999,0,0,0,0,0,0.06243,0.01501,0,0,0,1,-0.07494
2019-02-15,1,1,1,1,0,0,0.03844,0.02912,0,0,0,0,0,0.19525,0.01543,0,0,0,1,-0.10671
2019-02-18,1,1,1,1,0,0,0.05462,0.02891,0,0,0,0,0,0.63376,0.01613,1,0,0,1,0.02158
2019-02-19,1,1,1,1,1,1,0.07156,0.02956,1,0,0,0,0,1.01444,0.01596,0,1,0,0,-0.09302
2019-02-20,1,1,1,1,1,1,0.07621,0.03067,1,0,1,0,0,1.02775,0.01583,0,1,0,0,-0.39358
2019-02-21,1,1,1,1,1,1,0.07501,0.03177,0,0,0,0,0,0.91846,0.01487,0,1,0,1,-0.37123
2019-02-22,1,1,1,1,1,1,0.09372,0.03314,1,0,1,0,0,1.14902,0.01605,1,1,0,0,0.22266
2019-02-25,1,1,1,1,1,0,0.08968,0.03478,0,0,1,0,0,0.98099,0.0161,0,1,0,0,-0.34711
2019-02-26,1,1,1,1,1,0,0.07614,0.03589,0,0,0,0,0,0.72607,0.01591,1,0,0,0,0.95243
2019-02-27,1,1,1,1,1,1,0.08498,0.03666,0,0,0,0,0,0.83022,0.01523,0,0,0,0,-0.24779
2019-02-28,1,1,1,1,0,0,0.05541,0.03709,0,0,0,0,0,0.33637,0.01649,1,0,0,1,0.32221
2019-03-01,1,1,1,1,0,0,0.05188,0.03647,0,0,0,0,0,0.27644,0.01503,0,0,0,0,-0.29776
2019-03-04,1,1,1,1,0,0,0.05301,0.03583,0,0,0,0,0,0.30141,0.01524,0,0,0,0,-0.35617
2019-03-05,1,1,0,1,0,0,0.03391,0.03488,0,0,0,0,0,-0.08115,0.01535,1,0,0,0,0.10128
2019-03-06,1,1,0,1,0,0,0.02651,0.03326,0,0,0,0,0,-0.23866,0.01455,0,0,0,0,-0.34016
2019-03-07,1,1,0,1,0,0,0.02281,0.03147,0,0,0,0,0,-0.3056,0.01454,0,0,0,1,-0.36317
2019-03-08,1,1,0,1,0,0,-0.00051,0.02911,0,0,0,0,0,-0.77742,0.01501,1,0,0,0,0.13044
2019-03-11,1,1,0,1,0,0,0.00271,0.02641,0,0,0,0,0,-0.64504,0.01404,0,0,0,0,-0.43762
2019-03-12,1,1,0,1,0,0,-0.00199,0.02389,0,0,0,0,0,-0.67425,0.01378,0,0,0,0,-0.19003
2019-03-13,1,1,0,1,0,0,-0.02977,0.02047,0,1,0,1,0,-1.05226,0.01632,1,0,0,0,0.31351
2019-03-14,1,1,0,1,0,0,-0.02676,0.01688,0,0,0,1,0,-0.93453,0.0148,0,0,0,0,-0.36813
2019-03-15,1,1,0,1,0,0,-0.02795,0.01363,0,0,0,1,0,-0.87855,0.01505,0,0,0,1,-0.26083
2019-03-18,1,1,0,1,0,0,-0.01098,0.01148,0,0,0,1,0,-0.58755,0.015,1,0,0,0,0.29696
2019-03-19,1,1,0,1,0,0,-0.00844,0.00987,0,0,0,1,0,-0.5065,0.01523,0,1,0,0,-0.13321
2019-03-20,1,1,0,1,1,0,0.01473,0.00957,0,0,0,0,0,-0.15582,0.01486,1,1,0,1,0.09594
2019-03-21,1,1,1,1,1,0,0.03053,0.01024,0,0,0,0,0,0.09771,0.01529,0,1,0,1,-0.04984
2019-03-22,1,1,1,1,1,0,0.04974,0.01184,0,0,0,0,0,0.43135,0.0159,1,1,0,1,0.60092
2019-03-25,1,1,1,1,1,0,0.05261,0.01357,0,0,0,0,0,0.53837,0.01501,0,1,0,1,-0.20938
2019-03-26,1,1,1,1,1,0,0.04706,0.01494,0,0,0,0,0,0.50277,0.0151,0,1,0,0,-0.1599
2019-03-27,1,1,1,1,1,1,0.04956,0.01621,0,0,0,0,0,0.61754,0.01503,1,1,1,0,1.76363
2019-03-28,1,1,1,1,1,1,0.05099,0.01745,0,0,1,0,0,0.65199,0.01427,0,1,0,0,-0.15491
2019-03-29,1,1,1,1,1,1,0.0611,0.01895,0,0,1,0,0,0.79296,0.01441,1,1,0,0,0.00909
2019-04-01,1,1,1,1,0,0,0.04185,0.01978,0,0,0,0,0,0.5186,0.0156,1,1,0,0,0.18066
2019-04-02,1,1,1,1,0,0,0.03315,0.01989,0,0,1,0,0,0.3911,0.01436,0,1,0,0,-0.50374
2019-04-03,1,1,1,1,0,0,0.02932,0.0197,0,0,1,0,0,0.33416,0.01428,0,0,0,0,-0.43309
2019-04-04,1,1,1,1,0,0,0.02837,0.01943,0,0,1,0,0,0.31811,0.01432,0,0,0,1,-0.31518
2019-04-05,1,1,1,1,0,0,0.02965,0.01922,0,0,1,0,0,0.321,0.01372,0,0,0,0,-0.21497
2019-04-08,1,1,1,1,0,0,0.02685,0.01894,0,0,1,0,0,0.2665,0.01316,1,0,0,0,0.3881
2019-04-09,1,1,1,1,0,0,0.02639,0.01862,0,0,0,0,0,0.2444,0.01181,0,1,0,1,-0.15275
2019-04-10,1,1,0,1,0,0,0.00751,0.0176,0,0,0,0,0,-0.08465,0.01229,1,0,0,0,0.19692
2019-04-11,1,1,0,1,0,0,-0.01309,0.01549,0,0,0,1,0,-0.50721,0.01302,1,0,0,1,0.48745
2019-04-12,1,1,0,1,0,0,-0.01778,0.01303,0,0,0,1,1,-0.71376,0.0135,0,0,0,1,-0.30479
2019-04-15,1,1,0,0,0,0,-0.03388,0.00996,0,1,0,1,1,-1.05464,0.01449,1,0,0,0,1.52197
2019-04-16,1,1,0,0,0,0,-0.04673,0.00629,0,1,0,1,0,-1.2202,0.01552,0,0,0,0,-0.27427
2019-04-17,1,1,0,0,0,0,-0.05761,0.00221,0,1,0,1,0,-1.19183,0.01578,0,0,0,0,-0.22905
2019-04-18,0,1,0,0,0,0,-0.04919,-0.00103,0,0,0,1,0,-0.93361,0.01579,0,0,0,0,-0.47993
2019-04-19,0,1,0,0,0,0,-0.03115,-0.00279,0,0,0,1,0,-0.62656,0.01574,1,0,0,0,0.18674
2019-04-22,0,1,0,0,0,0,-0.03635,-0.00474,0,0,0,1,0,-0.64056,0.01536,0,0,0,1,-0.36789
2019-04-23,0,1,0,0,1,0,-0.03723,-0.00656,0,0,0,1,0,-0.60282,0.01557,0,0,0,1,-0.18879
2019-04-24,0,1,0,0,0,0,-0.06575,-0.01023,0,0,0,1,0,-0.86526,0.0182,1,0,0,0,0.42537
2019-04-25,0,1,0,0,0,0,-0.06133,-0.01305,0,0,0,1,0,-0.74838,0.01791,0,0,0,0,-0.33638
2019-04-26,0,1,0,0,0,0,-0.05081,-0.01482,0,0,0,1,0,-0.59644,0.01825,0,0,0,0,-0.12723
2019-04-29,0,1,0,0,0,0,-0.0464,-0.01621,0,0,0,1,0,-0.51486,0.01872,0,1,0,0,-0.19923
2019-04-30,0,1,0,0,0,0,-0.03622,-0.01672,0,0,0,1,0,-0.36842,0.01824,0,1,0,0,-0.00946
2019-05-01,0,1,0,0,1,0,-0.02542,-0.0165,0,0,0,0,0,-0.20997,0.01655,0,1,0,0,-0.22113
2019-05-02,0,1,1,0,1,0,-0.00567,-0.01497,0,0,0,0,0,0.08901,0.01713,0,1,0,0,-0.11614
2019-05-03,0,1,1,0,1,0,-0.00457,-0.0138,0,0,0,0,0,0.15765,0.01616,0,1,0,0,-0.28684
2019-05-06,0,1,0,0,1,0,-0.03696,-0.01516,0,0,0,0,1,-0.33794,0.01832,1,1,0,0,0.46661
2019-05-07,0,1,0,0,1,0,-0.02688,-0.0152,0,0,0,0,1,-0.13342,0.01846,0,1,0,0,-0.00535
2019-05-08,0,1,0,0,0,0,-0.03764,-0.01621,0,0,0,0,1,-0.38391,0.01902,0,1,0,0,-0.07015
2019-05-09,0,1,0,0,0,0,-0.04922,-0.01789,0,0,0,0,1,-0.69882,0.01895,1,0,0,1,0.09009
2019-05-10,0,1,0,0,0,0,-0.05432,-0.01966,0,0,0,0,1,-0.84455,0.01925,0,0,0,0,-0.18565
2019-05-13,0,1,0,0,0,0,-0.03548,-0.01961,0,0,0,0,1,-0.29273,0.02015,0,0,0,0,-0.00846
2019-05-14,0,1,0,0,0,0,-0.02769,-0.01928,0,0,0,0,1,-0.07049,0.01834,0,0,0,1,-0.25217
2019-05-15,0,1,1,0,1,0,-0.01309,-0.01797,0,0,0,0,1,0.33499,0.01896,0,1,0,0,-0.02353
2019-05-16,0,1,1,0,1,0,-0.01839,-0.01745,0,0,0,0,1,0.14585,0.01872,0,1,0,0,-0.29676
2019-05-17,0,1,0,0,1,0,-0.02801,-0.01764,0,0,0,0,1,-0.14787,0.01925,0,1,0,0,-0.2252
2019-05-20,0,1,0,0,0,0,-0.04009,-0.01863,0,0,0,0,1,-0.52134,0.01968,0,0,0,0,-0.00519
2019-05-21,0,1,0,0,0,0,-0.02879,-0.0184,0,0,0,0,1,-0.17854,0.01949,0,0,0,0,-0.06085
2019-05-22,0,1,0,0,0,0,-0.02854,-0.01838,0,0,0,0,1,-0.23253,0.01859,0,0,0,0,-0.52531
2019-05-23,0,1,1,0,0,0,-0.01748,-0.01749,0,0,0,0,1,0.07342,0.01887,0,0,0,1,-0.10533
2019-05-24,0,1,1,0,1,0,-0.0055,-0.01596,0,0,0,0,1,0.42466,0.01672,0,1,0,0,-0.13217
2019-05-27,0,1,1,0,1,0,0.0058,-0.01394,0,0,0,0,1,0.71582,0.01636,1,1,0,0,0.94428
2019-05-28,0,1,1,0,1,0,0.0081,-0.01211,0,0,0,0,1,0.71405,0.01576,0,1,0,0,-0.29093
2019-05-29,0,1,1,0,1,0,-0.0102,-0.01176,0,0,0,0,1,0.16406,0.01698,1,1,0,1,0.17769
2019-05-30,0,1,1,0,1,1,0.01854,-0.00927,0,0,0,0,1,0.99497,0.01812,1,1,0,0,0.26192
2019-05-31,0,1,1,1,1,1,0.02533,-0.00689,1,0,0,0,1,1.11189,0.01708,1,1,0,0,0.02259
2019-06-03,0,1,1,1,1,1,0.02934,-0.00454,1,0,0,0,1,1.03438,0.01663,0,1,0,0,-0.03911
2019-06-04,0,1,1,1,1,1,0.0287,-0.00248,0,0,0,0,1,0.90155,0.01618,0,1,0,0,-0.34278
2019-06-05,1,1,1,1,1,1,0.04157,0.00012,1,0,1,0,1,1.00945,0.0162,0,1,0,0,-0.0055
2019-06-06,1,1,1,1,1,1,0.06484,0.00366,1,0,1,0,0,1.19963,0.01644,1,1,0,0,0.26935
2019-06-07,1,1,1,1,1,0,0.05712,0.00647,0,0,1,0,0,0.96719,0.01578,0,1,0,0,-0.07254
2019-06-10,1,1,1,1,1,0,0.05583,0.00893,0,0,1,0,0,0.8567,0.01533,0,1,0,0,-0.07319
2019-06-11,1,1,1,1,1,0,0.05494,0.01111,0,0,1,0,0,0.77314,0.01495,0,1,0,0,-0.13643
2019-06-12,1,1,1,1,1,1,0.06344,0.01342,0,0,1,0,0,0.80994,0.01483,1,1,0,1,0.09933
2019-06-13,1,1,1,1,1,1,0.07,0.01585,0,0,1,0,0,0.81584,0.01458,1,1,0,0,0.0637
2019-06-14,1,1,1,1,1,0,0.06321,0.01786,0,0,1,0,0,0.6873,0.01449,0,1,0,0,-0.22182
2019-06-17,1,1,1,1,1,0,0.05222,0.01919,0,0,1,0,0,0.53523,0.01498,0,1,0,1,-0.15437
2019-06-18,1,1,1,1,1,0,0.05574,0.02034,0,0,1,0,0,0.55911,0.01332,0,1,0,1,-0.16693
2019-06-19,1,1,1,1,0,0,0.04993,0.02124,0,0,1,0,0,0.47296,0.01164,0,0,0,0,-0.24196
2019-06-20,1,1,1,1,0,0,0.036,0.02147,0,0,0,0,0,0.26294,0.01225,1,0,0,1,0.13671
2019-06-21,1,1,1,1,0,0,0.02715,0.02112,0,0,0,0,1,0.10555,0.0123,0,0,0,0,-0.24226
2019-06-24,1,1,1,1,0,0,0.02553,0.02057,0,0,0,0,1,0.05691,0.01199,0,0,0,0,-0.12968
2019-06-25,1,1,1,1,0,0,0.02618,0.02006,0,0,0,0,1,0.04556,0.01128,0,0,0,1,-0.21062
2019-06-26,1,1,1,1,0,0,0.02894,0.01972,0,0,0,0,1,0.06443,0.00995,0,0,0,1,-0.18318
2019-06-27,1,1,0,1,0,0,0.02574,0.01934,0,0,0,0,1,-0.04582,0.00986,1,0,0,1,0.12577
2019-06-28,1,1,0,1,1,0,0.02231,0.01882,0,0,0,0,1,-0.18522,0.00989,0,0,0,0,-0.21034
2019-07-01,1,1,0,1,0,0,0.01951,0.01817,0,0,0,0,1,-0.33337,0.00989,0,0,0,1,-0.0989
2019-07-02,1,1,0,1,0,0,0.0021,0.01685,0,1,0,1,1,-1.06415,0.01042,1,0,0,1,0.1957
2019-07-03,1,1,0,1,0,0,0.01084,0.01573,0,0,0,1,1,-0.72086,0.01005,1,0,0,1,0.15381
2019-07-04,1,1,0,1,0,0,0.00776,0.01472,0,0,0,1,1,-0.73668,0.00936,0,0,0,1,-0.2603
2019-07-05,1,1,0,1,0,0,0.00204,0.01351,0,0,0,1,1,-0.83145,0.00885,0,0,0,0,-0.23999
2019-07-08,1,1,0,0,0,0,-0.00824,0.01187,0,1,0,1,1,-1.005,0.00919,1,0,0,1,0.05109
2019-07-09,1,1,0,0,0,0,-0.01206,0.01008,0,0,0,1,1,-0.96006,0.00918,0,0,0,1,-0.02118
2019-07-10,1,1,0,0,0,0,-0.01327,0.00835,0,0,0,1,1,-0.87632,0.00794,0,0,0,1,-0.09612
2019-07-11,1,1,0,1,0,0,-0.00549,0.00717,0,0,0,0,1,-0.62589,0.00804,0,0,0,0,-0.09518
2019-07-12,1,1,0,1,0,0,0.00011,0.00646,0,0,0,0,1,-0.4347,0.00806,1,0,0,0,0.11275
2019-07-15,1,1,0,1,1,0,0.00083,0.00589,0,0,0,0,1,-0.37265,0.00826,0,1,0,0,-0.19126
2019-07-16,1,1,0,1,1,0,-0.00121,0.00527,0,0,0,0,1,-0.40134,0.00806,0,1,0,0,-0.02385
2019-07-17,1,1,0,1,1,0,-0.00471,0.00451,0,0,0,0,1,-0.49182,0.00807,0,1,0,0,-0.19699
2019-07-18,1,1,0,1,0,0,-0.00778,0.00364,0,0,0,0,1,-0.56207,0.00818,0,0,0,0,-0.1029
2019-07-19,1,1,0,1,0,0,-0.00445,0.00302,0,0,0,0,1,-0.40207,0.00815,0,0,0,0,-0.31094
2019-07-22,1,1,0,1,0,0,-0.00632,0.00237,0,0,0,0,1,-0.43648,0.00734,0,0,0,1,-0.05334
2019-07-23,1,1,0,1,0,0,-0.00538,0.00183,0,0,0,0,1,-0.36892,0.00735,0,0,0,0,-0.05746
2019-07-24,1,1,0,1,1,0,-0.00129,0.00157,0,0,0,0,1,-0.16557,0.00748,1,1,0,0,0.08574
2019-07-25,1,1,0,1,1,0,-0.00525,0.00112,0,0,0,0,1,-0.32286,0.00718,0,1,0,0,-0.13297
2019-07-26,1,1,0,1,0,0,-0.00732,0.00058,0,0,0,0,1,-0.42594,0.00669,0,0,0,0,-0.26001
2019-07-29,1,1,0,1,1,0,-0.00265,0.00037,0,0,0,0,1,-0.09981,0.00666,0,1,0,0,-0.06136
2019-07-30,0,1,0,0,0,0,-0.00864,-0.00017,0,0,0,0,1,-0.53207,0.00705,1,0,0,1,0.20219
2019-07-31,0,1,0,0,0,0,-0.01041,-0.00077,0,0,0,0,1,-0.69771,0.00666,0,0,0,0,-0.34872
2019-08-01,0,1,0,0,0,0,-0.01298,-0.00146,0,0,0,0,1,-0.95909,0.00639,1,0,0,1,0.05823
2019-08-02,0,1,0,0,0,0,-0.00838,-0.00181,0,0,0,0,1,-0.50803,0.00622,0,0,0,0,-0.20559
2019-08-05,0,1,0,0,0,0,-0.01007,-0.00224,0,0,0,0,1,-0.66272,0.00656,0,0,0,0,-0.00107
2019-08-06,0,1,0,0,0,0,-0.0146,-0.0029,0,1,0,0,1,-1.0249,0.00677,1,0,0,1,0.1926
2019-08-07,0,1,0,0,0,0,-0.02233,-0.00398,0,1,0,0,1,-1.37085,0.00717,0,0,0,0,-0.06121
2019-08-08,0,1,0,0,0,0,-0.02485,-0.0051,0,1,0,1,1,-1.24647,0.00706,1,0,0,0,0.24121
2019-08-09,0,1,0,0,0,0,-0.02698,-0.00624,0,1,0,1,1,-1.16154,0.00674,1,0,0,1,0.06079
2019-08-12,0,1,0,0,0,0,-0.02841,-0.00737,0,1,0,1,1,-1.07952,0.0063,1,0,0,1,0.25479
2019-08-13,0,1,0,0,0,0,-0.02131,-0.00789,0,0,0,1,1,-0.7089,0.00641,1,0,0,1,0.15746
2019-08-14,0,1,0,0,0,0,-0.02581,-0.00873,0,0,0,1,1,-0.83479,0.00681,1,0,0,0,0.09765
2019-08-15,0,1,0,0,0,0,-0.02589,-0.00945,0,0,0,1,1,-0.77422,0.00667,1,0,0,0,0.0395
2019-08-16,0,1,0,0,0,0,-0.0374,-0.01094,0,1,0,1,1,-1.07016,0.00744,1,0,0,1,0.35868
2019-08-19,0,1,0,0,0,0,-0.03959,-0.01234,0,1,0,1,0,-1.00963,0.00763,1,0,0,0,0.23423
2019-08-20,0,1,0,0,0,0,-0.04131,-0.01371,0,0,0,1,0,-0.95328,0.00793,1,0,0,0,0.27841
2019-08-21,0,1,0,0,0,0,-0.04374,-0.01513,0,0,0,1,0,-0.93507,0.00816,0,0,0,1,-0.17216
2019-08-22,0,1,0,0,0,0,-0.03861,-0.01598,0,0,0,1,0,-0.74481,0.00837,1,0,0,0,0.28189
2019-08-23,0,1,0,0,0,0,-0.03809,-0.01678,0,0,0,1,0,-0.6923,0.00782,0,0,0,0,-0.03609
2019-08-26,0,1,0,0,0,0,-0.03766,-0.01748,0,0,0,1,0,-0.6592,0.00757,0,0,0,0,-0.03971
2019-08-27,0,1,0,0,0,0,-0.03479,-0.01789,0,0,0,1,0,-0.56381,0.0072,1,0,0,0,0.10752
2019-08-28,0,1,0,0,0,0,-0.03695,-0.01849,0,0,0,1,0,-0.60536,0.00724,1,0,0,0,0.05872
2019-08-29,0,1,0,0,0,0,-0.03524,-0.01885,0,0,0,1,0,-0.54458,0.00723,0,0,0,0,-0.19576
2019-08-30,0,1,0,0,0,0,-0.033,-0.01903,0,0,0,1,0,-0.48108,0.00729,0,1,0,0,-0.04232
2019-09-02,0,1,0,0,0,0,-0.03744,-0.01959,0,0,0,1,1,-0.62947,0.00715,0,1,0,0,-0.04155
2019-09-03,0,1,0,0,0,0,-0.03477,-0.0198,0,0,0,1,1,-0.55384,0.0067,0,1,0,1,-0.11111
2019-09-04,0,1,0,0,1,0,-0.02859,-0.01954,0,0,0,1,1,-0.33193,0.00692,1,1,0,0,0.05502
2019-09-05,0,1,0,0,0,0,-0.03972,-0.02032,0,0,0,1,1,-0.76152,0.00711,1,1,0,0,0.05277
2019-09-06,0,1,0,0,0,0,-0.03471,-0.02041,0,0,0,0,1,-0.56726,0.00669,0,1,0,0,-0.33687
2019-09-09,0,1,0,0,0,0,-0.03677,-0.02076,0,0,0,0,1,-0.65578,0.00652,1,1,0,1,0.13925
2019-09-10,0,0,0,0,0,0,-0.0398,-0.02129,0,0,0,0,1,-0.83188,0.00677,0,0,0,1,-0.21468
2019-09-11,0,0,0,0,0,0,-0.03316,-0.02116,0,0,0,0,1,-0.56577,0.00681,1,0,0,1,0.2562
2019-09-12,0,0,0,0,0,0,-0.03395,-0.02123,0,0,0,0,1,-0.71414,0.00702,0,0,0,0,-0.50359
2019-09-13,0,0,0,0,1,0,-0.02772,-0.02077,0,0,0,0,1,-0.33463,0.0071,1,0,0,1,0.06406
2019-09-16,0,0,1,0,1,0,-0.02075,-0.01991,0,0,0,0,1,0.16065,0.00709,0,1,0,1,-0.00512
2019-09-17,0,0,1,0,1,0,-0.01941,-0.01916,0,0,0,0,1,0.23517,0.00682,0,1,0,1,-0.05134
2019-09-18,0,0,1,0,1,1,-0.00477,-0.01736,1,0,0,0,1,1.15523,0.00758,1,1,0,1,0.23659
2019-09-19,0,0,1,0,1,0,-0.0097,-0.01636,0,0,0,0,1,0.74112,0.0078,0,1,0,0,-0.1738
2019-09-20,0,0,1,0,1,0,-0.01827,-0.01603,0,0,0,0,1,0.13547,0.00829,1,1,0,1,0.24053
2019-09-23,0,0,0,0,0,0,-0.0217,-0.01586,0,0,0,0,1,-0.13231,0.00867,0,0,0,1,-0.05968
2019-09-24,0,0,1,0,1,0,-0.01429,-0.0151,0,0,0,0,1,0.34468,0.00879,1,0,0,1,0.13144
2019-09-25,0,0,0,0,0,0,-0.0246,-0.01529,0,0,0,0,1,-0.39641,0.00887,1,0,0,1,0.15221
2019-09-26,0,0,0,0,0,0,-0.0333,-0.01598,0,0,0,0,1,-0.91825,0.00942,1,0,0,0,0.32816
2019-09-27,0,0,0,0,0,0,-0.03315,-0.01648,0,0,0,0,1,-0.8561,0.00971,1,0,0,1,0.00734
2019-09-30,0,0,0,0,0,0,-0.03369,-0.01697,0,0,0,0,1,-0.83856,0.00927,0,0,0,1,-0.19871
2019-10-01,0,0,0,0,0,0,-0.03946,-0.01787,0,1,0,0,1,-1.0162,0.0093,1,0,0,1,0.17584
2019-10-02,0,0,0,0,0,0,-0.04253,-0.01884,0,1,0,0,0,-1.02959,0.00952,1,0,0,1,0.08569
2019-10-03,0,0,0,0,0,0,-0.04909,-0.0202,0,1,0,0,0,-1.11724,0.00971,0,0,0,1,-0.13718
2019-10-04,0,0,0,0,0,0,-0.05054,-0.02145,0,1,0,1,0,-1.02513,0.00974,0,0,0,0,-0.05534
2019-10-07,0,0,0,0,0,0,-0.03822,-0.0215,0,0,0,0,0,-0.62603,0.01051,0,0,0,0,-0.05689
2019-10-08,0,0,0,0,0,0,-0.03808,-0.02179,0,0,0,1,0,-0.60757,0.00971,1,0,0,0,0.12632
2019-10-09,0,0,0,0,1,0,-0.02955,-0.02134,0,0,0,1,0,-0.3689,0.00996,1,0,0,0,0.07379
2019-10-10,0,0,0,0,1,0,-0.02821,-0.021,0,0,0,0,0,-0.33524,0.00912,0,1,0,1,-0.06279
2019-10-11,0,0,0,0,1,0,-0.03044,-0.0209,0,0,0,0,0,-0.39025,0.00905,0,1,0,1,-0.00059
2019-10-14,0,0,0,0,1,0,-0.02576,-0.02038,0,0,0,1,0,-0.2575,0.00896,0,1,0,1,-0.07347
2019-10-15,0,0,0,0,1,0,-0.02827,-0.0202,0,0,0,0,0,-0.31931,0.00811,0,1,0,1,-0.01652
2019-10-16,0,0,0,0,0,0,-0.02772,-0.01995,0,0,0,0,0,-0.30148,0.0077,0,0,0,1,-0.04682
2019-10-17,0,0,0,0,0,0,-0.0309,-0.01999,0,0,0,0,0,-0.41454,0.0077,1,0,0,1,0.03631
2019-10-18,0,0,0,0,0,0,-0.03121,-0.01999,0,0,0,0,0,-0.43604,0.00772,0,0,0,1,-0.10371
2019-10-21,0,0,0,0,0,0,-0.03073,-0.01995,0,0,0,0,1,-0.43046,0.00732,0,0,0,1,-0.24435
2019-10-22,0,0,0,0,0,0,-0.02725,-0.01964,0,0,0,0,1,-0.31729,0.00722,0,0,0,1,-0.15295
2019-10-23,0,0,0,0,0,0,-0.03257,-0.01985,0,0,0,0,1,-0.69641,0.00748,1,0,0,1,0.08101
2019-10-24,0,0,0,0,0,0,-0.05748,-0.02204,0,1,0,0,1,-1.6452,0.00949,1,0,0,1,0.13443
2019-10-25,0,0,0,0,0,0,-0.05721,-0.02352,0,1,0,1,0,-1.33797,0.00897,1,0,0,0,1.4514
2019-10-28,0,0,0,0,0,0,-0.05934,-0.02506,0,1,0,1,0,-1.21017,0.00925,0,0,0,1,-0.21065
2019-10-29,0,0,0,0,0,0,-0.05141,-0.02569,0,0,0,1,0,-0.87337,0.00925,1,0,0,0,0.08265
2019-10-30,0,0,0,0,0,0,-0.04673,-0.02603,0,0,0,1,0,-0.69685,0.01038,1,0,0,1,0.17739
2019-10-31,0,0,0,0,1,0,-0.04056,-0.0259,0,0,0,1,0,-0.51435,0.01042,0,0,0,1,-0.23859
2019-11-01,0,0,0,0,0,0,-0.05355,-0.02711,0,0,0,1,0,-0.82693,0.01185,1,0,0,0,1.933
2019-11-04,0,0,0,0,1,0,-0.04459,-0.02706,0,0,0,1,0,-0.57368,0.01196,0,1,0,0,-0.21391
2019-11-05,0,0,1,0,1,0,-0.01238,-0.02443,0,0,0,0,0,0.24404,0.01364,1,1,1,0,4.50013
2019-11-06,0,0,1,0,1,0,-0.02111,-0.02358,0,0,0,0,0,0.02582,0.01396,0,1,0,0,-0.31068
2019-11-07,0,0,1,0,1,1,0.0013,-0.02078,0,0,0,0,0,0.61959,0.01505,0,1,0,0,-0.17892
2019-11-08,0,0,1,0,1,1,0.00439,-0.01848,0,0,0,0,0,0.67828,0.01532,0,1,0,0,-0.36947
2019-11-11,0,0,1,0,1,1,0.00469,-0.01644,0,0,0,0,0,0.67449,0.0151,0,1,0,0,-0.47399
2019-11-12,0,0,1,0,1,1,0.01088,-0.01415,0,0,0,0,0,0.78511,0.01515,0,1,0,0,-0.39773
2019-11-13,0,0,1,0,1,1,0.02317,-0.01132,0,0,1,0,0,0.97111,0.01418,0,1,0,0,-0.00435
2019-11-14,0,0,1,0,0,0,-0.00538,-0.01085,0,0,0,0,0,0.33179,0.01631,0,1,0,0,-0.06749
2019-11-15,0,0,1,0,0,0,0.00262,-0.00959,0,0,0,0,0,0.48263,0.01628,0,1,0,0,-0.55778
2019-11-18,0,0,1,0,1,0,0.01494,-0.0077,0,0,0,0,0,0.69182,0.01623,1,1,1,0,1.57917
2019-11-19,0,0,1,0,1,0,0.01524,-0.00609,0,0,0,0,0,0.65326,0.01544,0,1,0,0,-0.57483
2019-11-20,0,0,1,0,0,0,0.00694,-0.00515,0,0,0,0,0,0.46232,0.01589,0,1,0,0,-0.28033
2019-11-21,0,0,1,0,1,0,0.01199,-0.00394,0,0,1,0,0,0.51341,0.01461,0,1,0,1,-0.49252
2019-11-22,0,0,1,0,1,0,0.01453,-0.00272,0,0,1,0,0,0.52055,0.01475,0,1,0,0,-0.50838
2019-11-25,0,0,1,0,0,0,0.00989,-0.0019,0,0,0,0,0,0.39933,0.01324,1,0,0,0,0.24519
2019-11-26,0,0,1,0,0,0,0.00843,-0.00124,0,0,0,0,0,0.33806,0.0134,0,0,0,0,-0.31197
2019-11-27,0,0,1,0,1,0,0.01566,-0.00021,0,0,0,0,0,0.46648,0.01302,0,0,0,0,-0.39507
2019-11-28,1,0,1,0,1,0,0.01049,0.00041,0,0,0,0,0,0.32108,0.01281,0,0,0,0,-0.44599
2019-11-29,1,0,1,0,0,0,0.00935,0.00092,0,0,0,0,1,0.27966,0.01281,0,0,0,0,-0.48361
2019-12-02,1,0,0,0,0,0,-0.00848,0.00034,0,0,0,0,1,-0.47603,0.01401,0,0,0,1,-0.05237
2019-12-03,0,0,0,0,0,0,-0.00729,-0.00012,0,0,0,0,1,-0.4893,0.01351,0,0,0,0,-0.30823
2019-12-04,1,0,0,0,0,0,0.00426,0.00014,0,0,0,0,1,-0.03238,0.01249,0,0,0,0,-0.08805
2019-12-05,1,0,0,0,0,0,-0.00211,1e-05,0,0,0,0,1,-0.43566,0.01261,0,0,0,0,-0.12571
2019-12-06,0,0,0,0,0,0,-0.00867,-0.0005,0,0,0,0,1,-0.78839,0.01232,0,0,0,0,-0.28773
2019-12-09,0,0,0,0,1,0,-0.00345,-0.00066,0,0,0,0,1,-0.47882,0.01276,0,1,0,0,-0.20924
2019-12-10,0,0,0,0,1,0,-0.00134,-0.00067,0,0,0,0,1,-0.33604,0.01216,0,1,0,0,-0.25916
2019-12-11,1,0,1,1,1,0,0.01432,0.00023,0,0,0,0,1,0.6148,0.0126,0,1,0,0,-0.09102
2019-12-12,0,0,0,0,0,0,-0.00752,-0.00023,0,0,0,0,1,-0.69979,0.01408,1,1,0,0,0.15114
2019-12-13,1,0,1,0,1,0,0.0058,0.00013,0,0,0,0,1,0.08714,0.01428,1,1,1,0,2.03926
2019-12-16,1,0,1,1,1,1,0.02919,0.00177,1,0,0,0,1,1.24871,0.01602,0,1,0,0,-0.07046
2019-12-17,1,0,0,0,0,0,-0.00583,0.00131,0,0,0,0,1,-0.45954,0.01791,1,1,0,0,0.3554
2019-12-18,1,0,0,0,0,0,-0.00305,0.00101,0,0,0,0,1,-0.30979,0.01813,0,1,0,0,-0.25564
2019-12-19,1,0,1,1,1,0,0.01864,0.00196,0,0,0,0,1,0.72043,0.01951,0,1,0,0,-0.03808
2019-12-20,1,0,1,1,1,0,0.0205,0.00294,0,0,0,0,1,0.77842,0.01824,0,1,0,0,-0.50672
2019-12-23,1,0,0,0,0,0,-0.00414,0.00248,0,0,0,0,1,-0.28331,0.01982,1,0,0,0,0.18516
2019-12-24,1,0,0,0,1,0,0.00114,0.0023,0,0,0,0,1,-0.04262,0.0188,0,1,0,0,-0.13218
2019-12-25,1,0,0,0,0,0,-0.01065,0.00148,0,0,0,0,1,-0.52001,0.01954,1,0,0,0,0.2193
2019-12-26,1,0,0,0,0,0,-0.01329,0.00056,0,0,0,0,1,-0.59119,0.01956,0,0,0,0,-0.36992
2019-12-27,0,0,0,0,0,0,-0.04996,-0.00254,0,1,0,0,0,-1.49879,0.02265,1,0,0,1,0.26396
2019-12-30,0,0,0,0,0,0,-0.04543,-0.00507,0,1,0,0,0,-1.14716,0.02305,0,0,0,1,-0.19393
2019-12-31,0,0,0,0,0,0,-0.05471,-0.00801,0,1,0,0,0,-1.15293,0.02359,0,0,0,1,-0.14719
2020-01-01,0,0,0,0,0,0,-0.05068,-0.01035,0,0,0,0,0,-0.93986,0.02233,0,0,0,1,-0.36918
2020-01-02,0,0,0,0,0,0,-0.04063,-0.01175,0,0,0,0,0,-0.69322,0.02178,0,1,0,1,-0.18886
2020-01-03,0,0,0,0,1,0,-0.02031,-0.01163,0,0,0,0,0,-0.31648,0.02001,1,1,0,1,0.00457
2020-01-06,0,0,0,0,1,0,-0.02374,-0.01198,0,0,0,0,0,-0.36339,0.01794,0,1,0,1,-0.49828
2020-01-07,0,0,0,0,1,0,-0.03486,-0.01309,0,0,0,0,0,-0.53031,0.01883,0,1,0,0,-0.02196
2020-01-08,0,0,0,0,1,0,-0.02367,-0.01313,0,0,0,0,0,-0.31648,0.01759,0,1,0,0,-0.1683
2020-01-09,0,0,0,0,1,0,-0.0252,-0.01342,0,0,0,0,0,-0.33082,0.01747,1,0,0,0,0.20047
2020-01-10,0,0,0,0,1,0,-0.01087,-0.01261,0,0,0,0,0,-0.06382,0.01659,1,0,0,1,0.12559
2020-01-13,0,0,1,0,1,0,0.00139,-0.01119,0,0,0,0,0,0.21434,0.01726,1,1,0,1,0.08161
2020-01-14,0,0,1,0,1,0,0.00039,-0.01011,0,0,0,0,0,0.20587,0.01628,0,1,0,0,-0.26295
2020-01-15,0,0,1,1,1,0,0.03272,-0.007,0,0,0,0,0,0.80691,0.01771,1,1,1,0,3.10206
2020-01-16,0,0,1,1,1,0,0.03035,-0.00463,0,0,1,0,0,0.79231,0.01535,0,1,0,0,-0.3992
2020-01-17,0,0,1,1,1,1,0.04588,-0.00156,1,0,1,0,0,1.05805,0.01597,0,1,0,1,-0.38539
2020-01-20,1,0,1,1,1,1,0.04602,0.00116,0,0,1,0,0,0.96014,0.01518,0,1,0,0,-0.20247
2020-01-21,1,0,1,1,1,0,0.03985,0.00329,0,0,1,0,0,0.81052,0.01486,1,1,0,0,0.66878
2020-01-22,1,0,1,1,0,0,0.02403,0.00439,0,0,1,0,0,0.54327,0.01532,0,0,0,0,-0.15608
2020-01-23,1,0,1,1,0,0,0.00141,0.00414,0,0,0,0,0,0.19829,0.01621,1,0,0,0,0.07737
2020-01-24,1,0,1,0,0,0,-0.00774,0.00333,0,0,0,0,0,0.02977,0.01657,0,0,0,0,-0.44424
2020-01-27,1,0,1,0,0,0,-0.00671,0.00261,0,0,0,0,0,0.01429,0.01562,0,0,0,0,-0.3067
2020-01-28,1,0,0,0,0,0,-0.03646,0.00024,0,0,0,0,0,-0.50824,0.0174,1,0,0,0,0.14384
2020-01-29,0,0,0,0,0,0,-0.02924,-0.00155,0,0,0,0,0,-0.4437,0.01725,0,0,0,0,-0.5465
2020-01-30,0,0,0,0,0,0,-0.03466,-0.0035,0,0,0,0,0,-0.56886,0.01685,0,0,0,1,-0.39045
2020-01-31,0,0,0,0,0,0,-0.01327,-0.00389,0,0,0,0,0,-0.21748,0.01712,1,1,0,1,0.93235
2020-02-03,0,0,0,0,0,0,-0.00815,-0.00398,0,0,0,0,0,-0.15024,0.01721,0,1,0,1,-0.47996
2020-02-04,0,0,1,1,1,0,0.0127,-0.00279,0,0,0,0,0,0.18883,0.01629,1,1,0,1,0.02379
2020-02-05,0,0,1,1,1,0,0.01053,-0.00192,0,0,0,0,0,0.12681,0.01619,0,1,0,1,-0.51665
2020-02-06,0,0,0,0,1,0,-0.00322,-0.00195,0,0,0,0,1,-0.16569,0.01625,1,1,0,1,0.07561
2020-02-07,0,0,0,0,1,0,-0.00302,-0.00194,0,0,0,0,1,-0.17855,0.01584,0,1,0,1,-0.58343
2020-02-10,1,0,1,1,1,0,0.03492,0.00028,0,0,0,0,0,0.55021,0.01783,1,1,0,1,0.27647
2020-02-11,1,0,1,1,1,1,0.04967,0.00301,0,0,0,0,0,0.76989,0.01766,0,1,0,0,-0.21227
2020-02-12,1,0,1,1,1,0,0.04291,0.00513,0,0,0,0,0,0.64128,0.01585,1,0,0,0,0.82311
2020-02-13,1,0,1,1,1,0,0.01324,0.00554,0,0,0,0,0,0.13902,0.01787,0,0,0,1,-0.00138
2020-02-14,1,0,1,1,1,0,0.00613,0.0054,0,0,0,0,0,0.04948,0.01871,0,0,0,1,-0.17317
2020-02-17,1,0,0,0,0,0,-0.00572,0.00461,0,0,0,0,1,-0.13743,0.01818,0,0,0,1,-0.18189
2020-02-18,1,0,0,0,0,0,-0.00971,0.00362,0,0,0,0,1,-0.18678,0.01847,0,0,0,0,-0.27602
2020-02-19,1,0,0,0,0,0,-0.01977,0.00213,0,0,0,0,1,-0.37102,0.01855,0,0,0,1,-0.37711
2020-02-20,1,0,0,0,0,0,-0.02045,0.00072,0,0,0,0,1,-0.37283,0.01687,0,0,0,1,-0.35763
2020-02-21,0,0,0,0,0,0,-0.03193,-0.00127,0,0,0,0,1,-0.58611,0.01839,0,0,0,1,-0.22193
2020-02-24,0,0,0,0,0,0,-0.00548,-0.00144,0,0,0,0,1,-0.06397,0.01787,1,0,0,1,0.35972
2020-02-25,0,0,1,1,1,0,0.01238,-0.00056,0,0,0,0,1,0.26393,0.01886,1,1,0,1,0.2353
2020-02-26,1,0,1,1,1,0,0.01156,0.00016,0,0,0,0,1,0.22147,0.01836,0,1,0,1,-0.20577
2020-02-27,1,0,1,1,1,0,0.01785,0.00116,0,0,0,0,1,0.33634,0.01903,1,1,1,1,1.22144
2020-02-28,1,0,1,1,1,0,0.03918,0.00323,0,0,0,0,1,0.76936,0.01765,0,1,0,0,-0.24313
2020-03-02,1,0,1,1,1,0,0.03015,0.00465,0,0,0,0,1,0.53813,0.01737,0,1,0,1,-0.1875
2020-03-03,1,0,1,1,1,0,0.04401,0.0066,0,0,0,0,1,0.78187,0.01778,0,1,0,0,-0.00842
2020-03-04,1,0,1,1,1,0,0.04167,0.00831,0,0,0,0,1,0.68907,0.01613,0,1,0,1,-0.37312
2020-03-05,1,0,1,1,1,1,0.06148,0.01073,0,0,0,0,0,0.95477,0.01647,1,1,0,0,0.01129
2020-03-06,1,0,1,1,1,1,0.06317,0.01314,0,0,1,0,0,0.88967,0.01537,0,1,0,0,-0.47491
2020-03-09,1,0,1,1,1,0,0.03309,0.01408,0,0,0,0,0,0.40063,0.01742,1,1,0,0,0.27378
2020-03-10,1,0,1,1,0,0,0.02947,0.01444,0,0,0,0,0,0.36889,0.01753,0,0,0,1,-0.20111
2020-03-11,1,0,1,1,0,0,0.01809,0.01424,0,0,0,0,0,0.20585,0.01828,0,0,0,0,-0.23468
2020-03-12,1,0,1,1,0,0,0.02102,0.01403,0,0,1,0,0,0.24964,0.0171,0,0,0,0,-0.26289
2020-03-13,1,0,1,1,0,0,0.03217,0.01436,0,0,0,0,0,0.41618,0.01607,1,1,1,1,1.64452
2020-03-16,1,0,1,1,1,0,0.03813,0.01504,0,0,0,0,0,0.48798,0.0149,0,1,0,0,-0.29951
2020-03-17,1,0,1,1,1,0,0.0369,0.01568,0,0,0,0,0,0.44663,0.01428,0,1,0,0,-0.32264
2020-03-18,1,1,1,1,1,0,0.01272,0.01525,0,0,0,0,0,0.01579,0.0158,0,1,0,1,-0.04506
2020-03-19,1,1,0,1,0,0,0.00363,0.01413,0,0,0,0,1,-0.20196,0.01488,0,1,0,1,-0.28739
2020-03-20,1,1,0,1,0,0,0.00981,0.01327,0,0,0,0,1,-0.17107,0.01509,0,1,0,1,-0.22197
2020-03-23,1,1,1,1,0,0,0.02182,0.0131,0,0,0,0,1,0.10392,0.01518,1,1,0,0,0.04789
2020-03-24,1,1,0,1,0,0,0.00828,0.01248,0,0,0,0,1,-0.33596,0.01613,0,0,0,1,-0.02377
2020-03-25,1,1,0,1,1,0,0.0149,0.01207,0,0,0,0,1,-0.16709,0.01572,0,1,0,1,-0.17674
2020-03-26,1,1,1,1,1,0,0.02801,0.01236,0,0,0,0,1,0.30145,0.01687,1,1,0,1,0.34241
2020-03-27,1,1,0,1,1,0,0.00668,0.0118,0,0,0,0,1,-0.47952,0.01686,1,1,0,1,0.16239
2020-03-30,1,1,0,1,0,0,-0.00232,0.01064,0,0,0,0,1,-0.7628,0.01711,1,0,0,1,0.01202
2020-03-31,1,1,0,1,0,0,-0.00375,0.00942,0,0,0,0,1,-0.72575,0.01659,0,0,0,1,-0.30908
2020-04-01,1,1,0,1,0,0,0.00285,0.00863,0,0,0,0,1,-0.45584,0.01674,0,0,0,1,-0.13317
2020-04-02,1,1,0,1,0,0,-0.01038,0.00731,0,0,0,0,1,-0.83695,0.01722,0,0,0,1,-0.21339
2020-04-03,1,1,0,1,0,0,-0.0001,0.00654,0,0,0,0,1,-0.47896,0.01738,0,0,0,1,-0.03864
2020-04-06,1,1,0,1,1,0,0.00406,0.00613,0,0,0,0,1,-0.27101,0.01754,0,1,0,0,-0.38691
2020-04-07,1,1,0,1,1,0,0.00827,0.006,0,0,0,0,1,-0.06389,0.01577,0,1,0,1,-0.31196
2020-04-08,1,1,1,1,1,0,0.01217,0.0061,0,0,0,0,1,0.10979,0.01547,0,1,0,0,-0.36236
2020-04-09,1,1,1,1,1,0,0.01989,0.00661,0,0,0,0,1,0.43617,0.01499,0,1,0,0,-0.25972
2020-04-10,1,1,1,1,1,0,0.01804,0.00702,0,0,0,0,1,0.40842,0.01399,0,1,0,1,-0.162
2020-04-13,1,1,1,1,1,0,0.01921,0.00744,0,0,0,0,1,0.54614,0.01294,0,1,0,1,-0.4032
2020-04-14,1,1,1,1,1,0,0.01918,0.00782,0,0,0,0,1,0.64992,0.01179,0,1,0,1,-0.17746
2020-04-15,1,1,1,1,1,0,0.02013,0.00822,0,0,0,0,1,0.6633,0.01033,0,1,0,0,-0.11019
2020-04-16,1,1,1,1,1,0,0.01842,0.0085,0,0,0,0,1,0.55928,0.00878,0,1,0,0,-0.17757
2020-04-17,1,1,1,1,1,0,0.01604,0.00862,0,0,0,0,1,0.43991,0.00823,0,1,0,1,-0.37516
2020-04-20,1,1,1,1,1,1,0.02138,0.00897,0,0,1,0,1,0.66942,0.0085,1,1,0,0,0.02752
2020-04-21,1,1,1,1,1,1,0.02797,0.00964,0,0,1,0,1,0.8628,0.00836,0,1,0,0,-0.0343
2020-04-22,1,1,1,1,0,0,0.01455,0.00967,0,0,1,0,1,0.33655,0.00826,1,0,0,0,0.24678
2020-04-23,1,1,1,1,0,0,0.01338,0.00953,0,0,1,0,1,0.32854,0.00756,0,0,0,0,-0.24036
2020-04-24,1,1,1,1,0,0,0.01156,0.0093,0,0,0,0,1,0.2477,0.0073,0,0,0,0,-0.16589
2020-04-27,1,1,1,1,0,0,0.00779,0.00889,0,0,0,0,1,0.07529,0.00712,1,0,0,0,0.10273
2020-04-28,1,1,1,1,0,0,0.0109,0.00864,0,0,0,0,1,0.18569,0.00677,0,0,0,0,-0.0529
2020-04-29,1,1,0,1,0,0,0.00691,0.00825,0,0,0,0,1,-0.0155,0.00656,0,0,0,0,-0.18159
2020-04-30,1,1,1,1,1,0,0.01228,0.00813,0,0,0,0,1,0.23527,0.00668,1,0,0,0,0.22569
2020-05-01,1,1,0,1,0,0,0.00772,0.00783,0,0,0,0,1,-0.1024,0.00669,1,0,0,0,0.16592
2020-05-04,1,1,0,1,0,0,3e-05,0.00714,0,0,0,0,1,-0.80423,0.00719,0,0,0,0,-0.05924
2020-05-05,1,1,0,1,0,0,0.00459,0.0067,0,0,0,0,1,-0.48791,0.00734,1,0,0,0,0.06965
2020-05-06,1,1,0,1,1,0,0.00769,0.00648,0,0,0,0,1,-0.20954,0.00728,0,1,0,1,-0.06069
2020-05-07,1,1,0,1,0,0,0.00512,0.00618,0,0,0,0,1,-0.42508,0.00733,0,0,0,0,-0.01286
2020-05-08,1,1,0,1,0,0,0.00453,0.00585,0,0,0,0,1,-0.4406,0.00684,0,0,0,1,-0.14647
2020-05-11,1,1,0,1,1,0,0.00846,0.00576,0,0,0,0,1,-0.01012,0.00663,0,1,0,1,-0.09326
2020-05-12,1,1,1,1,1,0,0.01546,0.00606,0,0,0,0,1,0.68547,0.00627,1,1,0,1,0.56351
2020-05-13,1,1,1,1,1,0,0.01144,0.00616,0,0,0,0,1,0.34468,0.00627,0,0,0,1,-0.14839
2020-05-14,1,1,1,1,1,0,0.00884,0.0061,0,0,0,0,1,0.13616,0.0061,0,0,0,1,-0.09911
2020-05-15,1,1,1,1,1,0,0.01494,0.00634,0,0,0,0,1,0.69514,0.00623,1,1,0,1,0.35396
2020-05-18,1,1,1,1,1,0,0.01251,0.00647,0,0,0,0,1,0.52662,0.00611,0,1,0,1,-0.12216
2020-05-19,1,1,1,1,0,0,0.01063,0.00647,0,0,0,0,1,0.52489,0.0059,1,0,0,1,0.02424
2020-05-20,1,1,1,1,1,0,0.00976,0.00642,0,0,0,0,1,0.45044,0.00568,0,0,0,1,-0.16052
2020-05-21,1,1,0,1,0,0,0.00036,0.00589,0,0,0,0,1,-0.49274,0.0062,1,0,0,1,0.04441
2020-05-22,1,1,0,1,0,0,0.0001,0.00533,0,0,0,0,1,-0.48087,0.00558,0,0,0,1,-0.14821
2020-05-25,1,1,0,1,0,0,0.0003,0.00484,0,0,0,0,1,-0.44858,0.0051,0,0,0,1,-0.01999
2020-05-26,1,1,0,1,0,0,-0.00054,0.00435,0,0,0,0,1,-0.49259,0.005,1,0,0,1,0.10269
2020-05-27,1,1,0,1,0,0,0.00312,0.00411,0,0,0,0,1,-0.13821,0.00525,1,0,0,1,0.23875
2020-05-28,1,1,1,1,1,0,0.00834,0.00418,0,0,0,0,1,0.38918,0.0056,0,1,0,1,-0.06958
2020-05-29,1,1,1,1,1,1,0.01867,0.00481,1,0,0,0,1,1.15677,0.00604,1,1,0,1,0.36956
2020-06-01,1,1,1,1,1,1,0.01945,0.00545,1,0,0,0,1,1.09631,0.00544,1,1,0,1,0.09424
2020-06-02,1,1,1,1,1,1,0.02188,0.00617,1,0,0,0,1,1.10455,0.00556,1,1,0,1,0.13745
2020-06-03,1,1,1,1,1,1,0.02819,0.00714,1,0,1,0,1,1.2366,0.00595,1,1,0,1,0.06642
2020-06-04,1,1,1,1,1,0,0.02267,0.00778,0,0,0,0,1,0.85778,0.00608,0,1,0,1,-0.12499
2020-06-05,1,1,1,1,1,0,0.02035,0.00821,0,0,0,0,1,0.69864,0.00619,0,1,0,1,-0.26863
2020-06-08,1,1,1,1,1,0,0.02009,0.00857,0,0,0,0,1,0.64997,0.00615,0,1,0,1,-0.09561
2020-06-09,1,1,1,1,1,0,0.01911,0.00885,0,0,0,0,0,0.58433,0.00604,0,0,0,1,-0.02411
2020-06-10,1,1,1,1,0,0,0.02055,0.00917,0,0,1,0,0,0.62011,0.00559,0,0,0,0,-0.16466
2020-06-11,1,1,1,1,0,0,0.01392,0.00914,0,0,1,0,0,0.31608,0.00612,0,0,0,0,-0.00828
2020-06-12,1,1,1,1,1,0,0.01945,0.00933,0,0,1,0,0,0.54609,0.00664,0,1,0,0,-0.21031
2020-06-15,1,1,1,1,1,1,0.02553,0.00984,0,0,1,0,0,0.7539,0.00698,1,1,0,1,0.14191
2020-06-16,1,1,1,1,1,0,0.01889,0.01003,0,0,1,0,0,0.4675,0.0069,0,1,0,0,-0.04592
2020-06-17,1,1,1,1,1,0,0.02084,0.01024,0,0,1,0,0,0.52479,0.00687,1,1,0,0,0.03704
2020-06-18,1,1,1,1,1,0,0.0214,0.01047,0,0,0,0,0,0.53468,0.00617,0,1,0,0,-0.17363
2020-06-19,1,1,1,1,1,0,0.01997,0.01062,0,0,0,0,0,0.47158,0.00613,0,1,0,0,-0.14435
2020-06-22,1,1,1,1,1,1,0.02685,0.01106,0,0,0,0,0,0.77452,0.00642,1,1,0,0,0.10327
2020-06-23,1,1,1,1,1,0,0.02325,0.01136,0,0,0,0,1,0.64552,0.00612,0,1,0,1,-0.22547
2020-06-24,1,1,1,1,1,0,0.01949,0.01142,0,0,0,0,1,0.48745,0.00596,1,0,0,0,0.17769
2020-06-25,1,1,1,1,0,0,0.01643,0.0113,0,0,0,0,1,0.31374,0.00594,0,0,0,0,-0.20537
2020-06-26,1,1,1,1,1,0,0.01696,0.01118,0,0,0,0,1,0.38092,0.00589,0,0,0,1,-0.1879
2020-06-29,1,1,1,1,1,1,0.02516,0.01146,1,0,0,0,1,1.05706,0.00635,1,0,0,0,0.01324
2020-06-30,1,1,1,1,1,0,0.0232,0.0117,0,0,0,0,1,0.85581,0.00647,1,0,0,0,0.0956
2020-07-01,1,1,1,1,1,1,0.0281,0.01212,1,0,1,0,1,1.10083,0.00642,1,1,0,1,0.10666
2020-07-02,1,1,1,1,1,0,0.0248,0.0124,0,0,0,0,1,0.82217,0.00593,0,1,0,0,-0.00494
2020-07-03,1,1,1,1,1,0,0.02039,0.01242,0,0,0,0,1,0.52935,0.00559,0,0,0,0,-0.06256
2020-07-06,1,1,1,1,0,0,0.01951,0.01235,0,0,0,0,1,0.47616,0.00534,0,0,0,0,-0.06371
2020-07-07,1,1,0,1,0,0,0.00926,0.01182,0,0,0,0,1,-0.23965,0.00577,1,0,0,0,0.12006
2020-07-08,1,1,0,1,0,0,-0.00336,0.01064,0,1,0,0,0,-1.03382,0.00681,1,0,0,0,0.17017
2020-07-09,1,1,0,1,0,0,0.00185,0.00968,0,0,0,0,1,-0.72515,0.0071,1,0,0,0,0.0751
2020-07-10,1,1,0,1,0,0,0.01125,0.00932,0,0,0,0,1,-0.07444,0.00702,1,0,0,0,0.03994
2020-07-13,1,1,0,1,0,0,0.00796,0.00892,0,0,0,0,1,-0.27183,0.00705,1,0,0,0,0.04371
2020-07-14,1,1,0,1,0,0,-0.0005,0.00811,0,0,0,0,0,-0.80611,0.00736,0,0,0,1,-0.03603
2020-07-15,1,1,0,1,1,0,0.00662,0.00767,0,0,0,0,0,-0.30744,0.00771,1,1,0,1,0.1115
2020-07-16,1,1,0,1,1,0,0.00126,0.00705,0,0,0,0,0,-0.61001,0.00807,1,0,0,0,0.29133
2020-07-17,1,1,0,1,0,0,0.00036,0.0064,0,0,0,0,0,-0.61465,0.0076,0,0,0,1,-0.33976
2020-07-20,1,1,0,1,0,0,0.00133,0.00586,0,0,0,0,0,-0.49943,0.00745,0,0,0,0,-0.11106
2020-07-21,1,1,0,1,0,0,-0.00532,0.00503,0,0,0,0,0,-0.7992,0.00747,0,0,0,1,-0.12522
2020-07-22,1,1,0,1,0,0,-0.00592,0.00421,0,0,0,0,0,-0.74851,0.00751,0,0,0,1,-0.20595
2020-07-23,1,1,0,1,0,0,-0.00742,0.00338,0,0,0,0,0,-0.74846,0.00744,0,0,0,0,-0.08911
2020-07-24,1,1,0,1,0,0,-0.00236,0.0029,0,0,0,0,0,-0.4605,0.00773,1,0,0,1,0.17315
2020-07-27,1,1,0,1,0,0,-0.00189,0.00251,0,0,0,0,0,-0.39901,0.00711,1,0,0,0,0.04598
2020-07-28,1,1,0,1,0,0,-0.00896,0.00177,0,0,0,0,0,-0.69096,0.00662,1,0,0,1,0.31825
2020-07-29,1,1,0,0,0,0,-0.01495,0.00072,0,0,0,0,0,-0.9288,0.00685,1,0,0,1,0.04865
2020-07-30,0,1,0,0,0,0,-0.01278,-0.0001,0,0,0,1,0,-0.79158,0.00646,1,1,0,0,0.36327
2020-07-31,0,1,0,0,0,0,-0.01262,-0.00084,0,0,0,1,0,-0.75477,0.0066,0,0,0,1,-0.2117
2020-08-03,0,1,0,0,0,0,-0.00956,-0.00132,0,0,0,0,0,-0.58514,0.00621,0,0,0,0,-0.1982
2020-08-04,0,1,0,0,0,0,-0.01608,-0.00215,0,0,0,1,0,-0.89873,0.00624,1,0,0,0,0.037
2020-08-05,0,1,0,0,0,0,-0.02005,-0.00315,0,0,0,1,0,-0.9898,0.0063,1,0,0,1,0.05181
2020-08-06,0,1,0,0,0,0,-0.0452,-0.00569,0,1,0,1,0,-1.55252,0.00846,1,0,0,1,0.63981
2020-08-07,0,1,0,0,0,0,-0.03589,-0.00728,0,1,0,1,0,-1.06952,0.00898,1,0,0,0,0.12524
2020-08-10,0,1,0,0,0,0,-0.03357,-0.0086,0,0,0,1,0,-0.90245,0.00878,0,0,0,1,-0.25964
2020-08-11,0,1,0,0,0,0,-0.03356,-0.00982,0,0,0,1,0,-0.82191,0.00916,1,0,0,1,1.32816
2020-08-12,0,1,0,0,0,0,-0.03558,-0.01107,0,0,0,1,0,-0.81577,0.00936,0,0,0,0,-0.13879
2020-08-13,0,1,0,0,1,0,-0.03801,-0.01236,0,0,0,1,0,-0.8139,0.00933,0,0,0,1,-0.20883
2020-08-14,0,1,0,0,1,0,-0.02077,-0.01223,0,0,0,0,0,-0.3388,0.0102,1,0,0,1,0.14305
2020-08-17,0,1,0,0,1,0,-0.01935,-0.01221,0,0,0,0,0,-0.28381,0.00984,0,0,0,0,-0.02946
2020-08-18,0,1,1,0,1,0,0.00284,-0.01064,0,0,0,0,0,0.36595,0.01078,1,1,1,0,2.63956
2020-08-19,0,1,1,1,1,0,0.00959,-0.009,0,0,0,0,0,0.56947,0.01132,0,1,0,1,-0.14111
2020-08-20,0,1,1,0,1,0,0.00146,-0.00812,0,0,0,0,0,0.3489,0.01203,0,1,0,1,-0.40001
2020-08-21,0,1,1,0,1,0,-0.00966,-0.008,0,0,0,0,0,0.04668,0.01306,0,1,0,1,-0.30781
2020-08-24,0,1,0,0,0,0,-0.02596,-0.00892,0,0,0,0,0,-0.44225,0.01405,0,1,0,1,-0.01258
2020-08-25,0,1,1,0,0,0,0.00122,-0.00778,0,0,0,0,0,0.44223,0.01588,1,1,0,1,0.49995
2020-08-26,0,1,1,0,0,0,0.00416,-0.00678,0,0,0,0,0,0.52708,0.01422,0,1,0,1,-0.19848
2020-08-27,0,1,0,0,0,0,-0.03127,-0.00825,0,0,0,0,0,-0.58121,0.01675,1,0,0,0,2.55151
2020-08-28,0,1,0,0,0,0,-0.03052,-0.0093,0,0,0,0,0,-0.53804,0.01676,0,0,0,0,-0.43218
2020-08-31,0,1,0,0,0,0,-0.02484,-0.00986,0,0,0,0,0,-0.35236,0.0165,0,0,0,1,-0.39142
2020-09-01,0,1,0,0,0,0,-0.01954,-0.01004,0,0,0,0,0,-0.18003,0.01728,0,0,0,1,-0.26566
2020-09-02,0,1,1,0,0,0,-0.00276,-0.0091,0,0,0,0,0,0.35415,0.01823,1,0,0,1,0.83786
2020-09-03,0,1,1,0,1,0,-0.00845,-0.00878,0,0,0,0,0,0.12764,0.0177,0,1,0,1,-0.32278
2020-09-04,0,1,0,0,1,0,-0.01379,-0.0088,0,0,0,0,0,-0.08543,0.01808,0,1,0,0,-0.362
2020-09-07,0,1,1,0,1,0,0.00167,-0.00774,0,0,0,0,0,0.39893,0.01744,0,1,0,0,-0.18959
2020-09-08,0,1,1,1,1,1,0.02938,-0.00515,1,0,0,0,0,1.11695,0.01856,0,1,0,1,-0.03064
2020-09-09,0,1,1,1,1,1,0.03074,-0.0029,1,0,0,0,0,1.01023,0.01804,0,1,0,0,-0.53194
2020-09-10,0,1,1,1,1,1,0.04143,-0.00028,1,0,0,0,0,1.11863,0.01787,0,1,0,0,-0.40432
2020-09-11,1,1,1,1,1,1,0.05218,0.00264,1,0,1,0,0,1.14627,0.01765,0,1,0,1,-0.37113
2020-09-14,1,1,1,1,1,0,0.04791,0.00506,0,0,0,0,0,0.93541,0.01544,0,1,0,1,-0.47248
2020-09-15,1,1,1,1,1,1,0.05157,0.00742,0,0,0,0,0,0.90212,0.0156,0,1,0,0,-0.368
2020-09-16,1,1,1,1,1,1,0.05534,0.00973,0,0,1,0,0,0.87809,0.01352,1,1,0,1,0.91208
2020-09-17,1,1,1,1,1,1,0.05832,0.01197,0,0,1,0,0,0.83903,0.01354,0,1,0,1,-0.2797
2020-09-18,1,1,1,1,1,1,0.05618,0.01393,0,0,1,0,0,0.74366,0.01345,0,1,0,0,-0.53832
2020-09-21,1,1,1,1,1,0,0.0524,0.01552,0,0,1,0,0,0.64944,0.01284,0,1,0,0,-0.43073
2020-09-22,1,1,1,1,0,0,0.02876,0.01598,0,0,1,0,0,0.31756,0.01327,1,1,0,1,0.20328
2020-09-23,1,1,1,1,0,0,0.01849,0.01565,0,0,0,0,0,0.17039,0.01387,0,0,0,1,-0.33272
2020-09-24,1,1,0,1,0,0,0.00697,0.01472,0,0,0,0,0,-0.01829,0.01466,1,0,0,1,1.53638
2020-09-25,1,1,1,1,0,0,0.01446,0.01405,0,0,0,0,0,0.0559,0.01379,0,0,0,0,-0.1383
2020-09-28,1,1,0,1,0,0,0.009,0.01329,0,0,0,0,0,-0.07038,0.0118,0,0,0,1,-0.36631
2020-09-29,1,1,1,1,0,0,0.01562,0.01284,0,0,0,0,0,0.00488,0.01189,1,0,0,1,0.9664
2020-09-30,1,1,1,1,1,0,0.0176,0.01259,0,0,0,0,0,0.01611,0.01124,0,1,0,0,-0.31542
2020-10-01,1,1,1,1,1,0,0.02874,0.01288,0,0,0,0,0,0.2246,0.01076,0,1,0,0,-0.2859
2020-10-02,1,1,1,1,1,0,0.04488,0.01396,0,0,0,0,0,0.63342,0.01155,1,1,0,0,0.12569
2020-10-05,1,1,1,1,1,0,0.04375,0.01507,0,0,0,0,1,0.65091,0.01146,0,1,0,0,-0.34128
2020-10-06,1,1,1,1,1,0,0.03534,0.01571,0,0,0,0,1,0.39464,0.01175,0,1,0,1,-0.36355
2020-10-07,1,1,1,1,1,1,0.05404,0.01692,0,0,0,0,1,0.92968,0.01315,1,1,0,0,0.4999
2020-10-08,1,1,1,1,1,1,0.05754,0.0184,0,0,0,0,0,0.94315,0.01382,0,1,0,1,-0.31996
2020-10-09,1,1,1,1,0,0,0.03522,0.01896,0,0,0,0,0,0.34293,0.01565,1,1,0,0,0.17399
2020-10-12,1,1,1,1,1,0,0.0406,0.01932,0,0,0,0,0,0.49218,0.01432,0,1,0,0,-0.41117
2020-10-13,1,1,1,1,1,0,0.04448,0.01986,0,0,0,0,0,0.59097,0.01373,1,1,0,0,0.15089
2020-10-14,1,1,1,1,0,0,0.04071,0.02029,0,0,1,0,0,0.50537,0.01285,0,1,0,1,-0.41091
2020-10-15,1,1,0,1,0,0,0.01914,0.01982,0,0,0,0,0,-0.00074,0.01407,0,0,0,0,-0.00624
2020-10-16,1,1,1,1,1,0,0.0316,0.01948,0,0,0,0,0,0.34229,0.0146,0,1,0,0,-0.04165
2020-10-19,1,1,1,1,1,0,0.03356,0.01946,0,0,0,0,0,0.41237,0.0146,0,1,0,0,-0.34539
2020-10-20,1,1,1,1,0,0,0.01769,0.01888,0,0,0,0,0,0.01876,0.01594,1,0,0,1,0.2382
2020-10-21,1,1,0,1,0,0,0.01428,0.01795,0,0,0,0,0,-0.0811,0.01537,0,0,0,1,-0.34535
2020-10-22,1,1,1,1,1,0,0.02679,0.01755,0,0,0,0,1,0.23731,0.01485,0,1,0,1,-0.05217
2020-10-23,1,1,1,1,1,0,0.04001,0.01789,0,0,0,0,1,0.61535,0.01537,0,1,0,0,-0.14005
2020-10-26,1,1,1,1,1,1,0.04195,0.01848,0,0,0,0,1,0.70103,0.01499,0,1,0,1,-0.17166
2020-10-27,1,1,1,1,1,0,0.03969,0.01896,0,0,0,0,1,0.65509,0.01358,0,1,0,1,-0.42281
2020-10-28,1,1,1,1,1,1,0.05848,0.02003,1,0,0,0,1,1.26355,0.01416,1,1,0,1,0.37458
2020-10-29,1,1,1,1,1,0,0.05434,0.02116,1,0,0,0,1,1.04301,0.01288,0,1,0,1,-0.13031
2020-10-30,1,1,1,1,1,0,0.05157,0.02201,0,0,0,0,1,0.88111,0.01251,1,0,0,1,0.60814
2020-11-02,1,1,1,1,1,0,0.04582,0.02254,0,0,0,0,1,0.67909,0.01251,0,0,0,1,-0.24656
2020-11-03,1,1,1,1,1,0,0.0455,0.0229,0,0,0,0,1,0.6546,0.01282,0,0,0,1,-0.31018
2020-11-04,1,1,1,1,0,0,0.04224,0.02311,0,0,1,0,1,0.55943,0.01133,0,0,0,0,-0.08127
2020-11-05,1,1,1,1,0,0,0.02259,0.02258,0,0,0,0,1,0.02768,0.01181,1,0,0,0,1.83621
2020-11-06,1,1,0,1,0,0,0.0202,0.02162,0,0,0,0,1,-0.04,0.01138,0,0,0,1,-0.16245
2020-11-09,1,1,1,1,1,1,0.04535,0.02158,0,0,1,0,1,0.67527,0.01135,1,0,0,0,0.53537
2020-11-10,1,1,1,1,1,1,0.04723,0.02208,0,0,1,0,0,0.69874,0.01161,1,0,0,1,0.69412
2020-11-11,1,1,1,1,1,1,0.04593,0.02253,0,0,1,0,0,0.64152,0.01076,0,1,0,1,-0.36989
2020-11-12,1,1,1,1,1,0,0.03665,0.02259,0,0,0,0,0,0.40322,0.0101,0,1,0,1,-0.21638
2020-11-13,1,1,0,1,1,0,0.01982,0.0219,0,0,0,0,1,-0.06564,0.01131,1,1,0,1,1.14552
2020-11-16,1,1,0,1,0,0,0.01101,0.02061,0,0,0,0,1,-0.32112,0.0119,1,0,0,0,1.1295
2020-11-17,1,1,0,1,0,0,0.00917,0.0192,0,0,0,0,1,-0.43427,0.0107,0,0,0,1,-0.41992
2020-11-18,1,1,0,1,0,0,0.01262,0.01803,0,0,0,0,1,-0.41626,0.01039,0,0,0,1,-0.35923
2020-11-19,1,1,0,1,0,0,0.01855,0.01727,0,0,0,0,1,-0.22469,0.01066,1,0,0,1,0.54241
2020-11-20,1,1,0,1,1,0,0.01819,0.01666,0,0,0,0,1,-0.2277,0.01051,1,1,0,1,0.44736
2020-11-23,1,1,0,1,1,0,0.01705,0.01606,0,0,0,0,1,-0.25495,0.01016,1,1,0,0,0.8308
2020-11-24,1,1,0,1,1,0,0.00711,0.01508,0,0,0,0,1,-0.64534,0.01111,0,1,0,1,-0.29092
2020-11-25,1,1,1,1,1,0,0.02805,0.01494,0,0,0,0,1,0.31316,0.01204,1,1,0,1,0.02592
2020-11-26,1,1,1,1,1,0,0.02421,0.01493,0,0,0,0,1,0.20701,0.01223,0,0,0,0,-0.55128
2020-11-27,1,1,0,1,1,0,0.01455,0.01447,0,0,0,0,1,-0.16531,0.01115,0,0,0,1,-0.34113
2020-11-30,1,1,1,1,1,0,0.01804,0.01407,0,0,0,0,1,0.04151,0.01106,0,0,0,0,-0.50575
2020-12-01,1,1,1,1,1,0,0.03182,0.01434,0,0,0,0,1,0.69024,0.01209,1,1,1,0,1.64939
2020-12-02,1,1,1,1,1,1,0.04489,0.01529,1,0,0,0,1,1.11783,0.01276,0,1,0,1,-0.31637
2020-12-03,1,1,1,1,1,1,0.04714,0.01641,1,0,0,0,1,1.0596,0.01192,0,1,0,0,-0.27811
2020-12-04,1,1,1,1,1,1,0.0554,0.01776,1,0,1,0,1,1.14993,0.01187,0,1,0,1,-0.44843
2020-12-07,1,1,1,1,1,1,0.0728,0.01971,1,0,1,0,0,1.3225,0.0126,1,1,1,0,1.42068
2020-12-08,1,1,1,1,1,1,0.07275,0.02174,1,0,1,0,0,1.13469,0.01276,0,1,0,1,-0.37173
2020-12-09,1,1,1,1,1,1,0.07433,0.02361,1,0,1,0,0,1.03032,0.01277,0,1,0,0,-0.44624
2020-12-10,1,1,1,1,1,1,0.09094,0.02582,1,0,1,0,0,1.12032,0.01406,0,1,0,1,-0.07294
2020-12-11,1,1,1,1,1,0,0.06261,0.02736,0,0,1,0,0,0.66021,0.01666,0,1,0,0,-0.18965
2020-12-14,1,1,1,1,1,0,0.0736,0.02842,0,0,1,0,0,0.7645,0.01691,0,1,0,0,-0.41296
2020-12-15,1,1,1,1,0,0,0.05152,0.02906,0,0,0,0,0,0.4433,0.01622,0,1,0,0,-0.24027
2020-12-16,1,1,1,1,0,0,0.04483,0.02891,0,0,0,0,0,0.33704,0.0165,0,0,0,1,-0.51846
2020-12-17,1,1,1,1,0,0,0.03893,0.02845,0,0,0,0,0,0.24116,0.01642,0,0,0,0,-0.50255
2020-12-18,1,1,1,1,0,0,0.04725,0.02812,0,0,0,0,0,0.35497,0.01639,0,0,0,0,-0.48166
2020-12-21,1,1,1,1,0,0,0.05446,0.02822,0,0,0,0,0,0.45576,0.01575,0,0,0,1,-0.19509
2020-12-22,1,1,1,1,1,0,0.05751,0.02857,0,0,0,0,0,0.50498,0.01483,0,1,0,0,-0.29253
2020-12-23,1,1,1,1,1,0,0.05213,0.02882,0,0,0,0,0,0.40939,0.01475,0,1,0,0,-0.42731
2020-12-24,1,1,1,1,1,0,0.05511,0.02899,0,0,0,0,0,0.46236,0.0142,0,1,0,1,-0.3698
2020-12-25,1,1,1,1,1,0,0.03856,0.02877,0,0,0,0,0,0.14054,0.01397,1,1,0,1,0.02451
2020-12-28,1,1,1,1,1,0,0.04985,0.02846,0,0,0,0,0,0.42034,0.01427,0,1,0,1,-0.07567
2020-12-29,1,1,1,1,1,0,0.05213,0.02853,0,0,0,0,1,0.53471,0.01421,0,1,0,1,-0.21199
2020-12-30,1,1,1,1,1,0,0.05119,0.02862,0,0,0,0,1,0.55517,0.0127,0,1,0,1,-0.54111
2020-12-31,1,1,1,1,1,1,0.05925,0.0289,0,0,0,0,1,0.90836,0.01115,0,1,0,1,-0.21503
2021-01-01,1,1,1,1,1,1,0.05707,0.02929,0,0,0,0,1,0.86442,0.01016,0,1,0,0,-0.2912
2021-01-04,1,1,1,1,1,0,0.04594,0.02929,0,0,0,0,1,0.43962,0.00976,1,1,0,0,0.14779
2021-01-05,1,1,1,1,1,1,0.05431,0.02924,0,0,0,0,1,0.77411,0.0098,1,1,0,1,0.31806
2021-01-06,1,1,1,1,1,0,0.04983,0.02928,0,0,1,0,1,0.61438,0.00993,0,1,0,0,-0.22391
2021-01-07,1,1,1,1,0,0,0.0436,0.02904,0,0,0,0,1,0.45765,0.00961,0,0,0,0,-0.16802
2021-01-08,1,1,1,1,0,0,0.04083,0.02858,0,0,0,0,1,0.37854,0.00915,0,0,0,1,-0.34331
2021-01-11,1,1,1,1,0,0,0.03411,0.02792,0,0,0,0,1,0.17227,0.00931,0,0,0,0,-0.10936
2021-01-12,1,1,0,1,0,0,0.02023,0.02674,0,0,0,0,1,-0.35139,0.00998,1,0,0,1,0.01445
2021-01-13,1,1,0,1,0,0,0.02105,0.02535,0,0,0,0,1,-0.33946,0.00958,0,0,0,0,-0.00624
2021-01-14,1,1,0,1,0,0,0.02176,0.02414,0,0,0,0,1,-0.36856,0.00861,0,0,0,1,-0.19257
2021-01-15,1,1,0,1,0,0,0.01815,0.02295,0,0,0,0,1,-0.56447,0.00803,0,0,0,0,-0.10961
2021-01-18,1,1,0,1,0,0,0.0193,0.02182,0,0,0,0,1,-0.46321,0.00764,0,1,0,0,-0.1181
2021-01-19,1,1,0,1,0,0,0.01541,0.02069,0,0,0,0,1,-0.59329,0.0077,0,1,0,0,-0.32806
2021-01-20,1,1,0,1,1,0,0.01957,0.01975,0,0,0,0,1,-0.33637,0.00718,0,1,0,0,-0.25055
2021-01-21,1,1,0,1,0,0,0.01506,0.0188,0,0,0,0,1,-0.49928,0.00741,0,0,0,1,-0.08008
2021-01-22,1,1,0,1,1,0,0.01496,0.01786,0,0,0,0,1,-0.50759,0.00685,0,1,0,0,-0.11403
2021-01-25,1,1,0,1,1,0,0.01748,0.01711,0,0,0,1,1,-0.32461,0.00665,0,1,0,0,-0.18062
2021-01-26,1,1,0,1,1,0,0.01979,0.01657,0,0,0,0,1,-0.14801,0.00631,1,1,0,1,0.09534
2021-01-27,1,1,1,1,1,0,0.02674,0.01639,0,0,0,0,1,0.26468,0.00664,0,1,0,0,-0.15274
2021-01-28,1,1,0,1,1,0,0.01982,0.01605,0,0,0,0,1,-0.01224,0.00713,1,1,0,0,0.23574
2021-01-29,1,1,1,1,1,0,0.02772,0.01597,0,0,0,0,1,0.52727,0.00711,1,1,0,1,0.22276
2021-02-01,1,1,1,1,1,0,0.02078,0.01572,0,0,0,0,1,0.18756,0.00654,0,1,0,0,-0.04519
2021-02-02,1,1,1,1,1,0,0.02318,0.0155,0,0,0,0,1,0.45682,0.0066,0,1,0,0,-0.05206
2021-02-03,1,1,1,1,0,0,0.01861,0.01514,0,0,0,0,1,0.27859,0.00688,0,0,0,0,-0.03321
2021-02-04,1,1,1,1,1,0,0.02063,0.01484,0,0,0,0,1,0.52642,0.00691,0,1,0,0,-0.04005
2021-02-05,1,1,1,1,0,0,0.01819,0.01449,0,0,0,0,1,0.44245,0.00705,0,0,0,0,-0.27473
2021-02-08,1,1,1,1,1,0,0.01782,0.01412,0,0,0,0,1,0.46934,0.00684,0,1,0,0,-0.18658
2021-02-09,1,1,1,1,1,0,0.02015,0.01389,0,0,0,0,1,0.64976,0.00675,1,1,0,0,0.00402
2021-02-10,1,1,1,1,0,0,0.01276,0.01339,0,0,0,0,1,0.08123,0.00693,1,1,0,0,0.32222
2021-02-11,1,1,0,1,0,0,0.0008,0.0123,0,0,0,0,1,-0.81135,0.0076,1,0,0,0,0.48706
2021-02-12,1,1,0,1,0,0,-0.00146,0.01107,0,0,0,0,1,-0.91002,0.00731,1,0,0,0,0.0878
2021-02-15,1,1,0,1,0,0,-0.00108,0.00995,0,0,0,0,1,-0.81027,0.00716,0,0,0,0,-0.0059
2021-02-16,1,1,0,1,0,0,-0.00324,0.00883,0,0,0,0,1,-0.88958,0.00674,0,0,0,1,-0.16506
2021-02-17,1,1,0,1,0,0,0.00463,0.0082,0,0,0,0,1,-0.36513,0.0067,1,0,0,0,0.23191
2021-02-18,1,1,0,1,1,0,0.00591,0.00775,0,0,0,0,1,-0.28069,0.00626,0,1,0,0,-0.33263
2021-02-19,1,1,0,1,0,0,-0.00566,0.00676,0,0,0,0,1,-0.91958,0.00684,1,1,0,0,0.35689
2021-02-22,1,1,0,1,0,0,-0.01078,0.00552,0,1,0,1,1,-1.04052,0.00722,0,0,0,0,-0.30704
2021-02-23,1,1,0,1,0,0,-0.01294,0.00424,0,0,0,1,1,-0.98805,0.00698,0,0,0,0,-0.0341
2021-02-24,1,1,0,1,0,0,-0.0118,0.00314,0,0,0,1,0,-0.83572,0.00681,0,0,0,1,-0.10983
2021-02-25,1,1,0,1,0,0,-0.01672,0.00186,0,0,0,1,0,-0.91583,0.00716,0,0,0,0,-0.11371
2021-02-26,1,1,0,1,0,0,-0.01301,0.00091,0,0,0,1,0,-0.7126,0.0074,1,0,0,0,0.0148
2021-03-01,1,1,0,1,1,0,-0.0033,0.00062,0,0,0,0,0,-0.30975,0.0077,0,1,0,1,-0.24851
2021-03-02,1,1,0,1,1,0,0.0025,0.00071,0,0,0,0,0,-0.04589,0.00753,1,1,0,1,0.24478
2021-03-03,1,1,1,1,1,0,0.01133,0.00129,0,0,0,0,0,0.35389,0.00741,1,1,0,1,0.4576
2021-03-04,1,1,1,1,1,0,0.00689,0.00157,0,0,0,0,1,0.21871,0.0076,1,1,0,1,0.24025
2021-03-05,1,1,1,1,1,0,0.00791,0.00187,0,0,0,0,1,0.31489,0.00779,0,1,0,1,-0.16714
2021-03-08,1,1,1,1,1,0,0.00742,0.00212,0,0,0,0,1,0.35105,0.00773,0,1,0,1,-0.31848
2021-03-09,1,1,1,1,1,0,0.00695,0.00233,0,0,0,0,1,0.4201,0.00718,1,0,0,0,0.10403
2021-03-10,1,1,1,1,0,0,0.00321,0.0023,0,0,0,0,1,0.26794,0.00724,1,0,0,1,0.00638
2021-03-11,1,1,1,1,1,1,0.00971,0.00263,0,0,0,0,1,0.62428,0.00684,1,0,0,1,0.10214
2021-03-12,1,1,1,1,0,0,0.00616,0.00274,0,0,0,0,1,0.40876,0.00644,1,0,0,1,0.18876
2021-03-15,1,1,1,1,1,0,0.00633,0.00285,0,0,0,0,1,0.40422,0.00624,1,0,0,1,0.15879
2021-03-16,1,1,1,1,0,0,0.00432,0.00283,0,0,0,0,1,0.28061,0.00638,0,0,0,0,-0.23262
2021-03-17,1,1,1,1,0,0,-0.00094,0.00252,0,0,0,0,1,0.00743,0.00629,1,0,0,1,0.09242
2021-03-18,1,1,1,1,0,0,0.00299,0.00244,0,0,0,0,1,0.24004,0.00624,0,0,0,1,-0.00593
2021-03-19,1,1,1,1,0,0,0.00302,0.00239,0,0,0,0,1,0.22376,0.00584,0,1,0,0,-0.05112
2021-03-22,1,1,0,1,0,0,-0.00223,0.00204,0,0,0,0,1,-0.10164,0.00593,0,0,0,0,-0.13948
2021-03-23,1,1,0,1,0,0,-0.00346,0.00165,0,0,0,0,1,-0.22623,0.00529,0,0,0,0,-0.30505
2021-03-24,1,1,1,1,1,0,0.00602,0.00182,0,0,0,0,1,0.3369,0.00559,1,1,0,0,0.36348
2021-03-25,1,1,1,1,1,0,0.003,0.00183,0,0,0,0,1,0.09093,0.00552,0,0,0,0,-0.00869
2021-03-26,1,1,1,1,1,0,0.00379,0.00187,0,0,0,0,1,0.1245,0.00549,1,1,0,0,0.20377
2021-03-29,1,1,1,1,1,1,0.01081,0.00231,0,0,0,0,1,0.99438,0.00598,0,1,0,1,-0.07336
2021-03-30,1,1,1,1,1,0,0.00591,0.00244,0,0,0,0,1,0.34263,0.00626,0,1,0,0,-0.03415
2021-03-31,1,1,0,1,0,0,-0.0017,0.00213,0,0,0,0,1,-0.62673,0.00637,1,0,0,0,0.14625
2021-04-01,1,1,0,0,0,0,-0.00924,0.00139,0,1,0,0,1,-1.27947,0.00688,1,0,0,1,0.20259
2021-04-02,1,1,0,1,0,0,-0.00036,0.00123,0,0,0,0,1,-0.29738,0.00747,1,0,0,0,0.079
2021-04-05,1,1,0,1,0,0,-0.00041,0.00109,0,0,0,0,1,-0.27427,0.00722,0,0,0,0,-0.06976
2021-04-06,1,1,1,1,1,0,0.00766,0.00142,0,0,0,0,1,0.59152,0.00746,1,0,0,0,0.02822
2021-04-07,1,1,0,1,1,0,-0.00125,0.00122,0,0,0,0,1,-0.32582,0.00779,1,0,0,1,0.20722
2021-04-08,1,1,1,1,1,0,0.00381,0.00132,0,0,0,0,1,0.24167,0.0079,1,1,0,0,0.01248
2021-04-09,1,1,0,0,0,0,-0.00284,0.00104,0,0,0,0,1,-0.43896,0.00803,1,0,0,0,0.06996
2021-04-12,1,1,0,0,0,0,-0.00592,0.0006,0,0,0,0,1,-0.70352,0.00809,0,0,0,0,-0.32546
2021-04-13,1,1,0,0,0,0,-0.00868,3e-05,0,0,0,0,1,-0.87793,0.00787,0,0,0,1,-0.09758
2021-04-14,0,1,0,0,0,0,-0.00441,-0.00023,0,0,0,0,1,-0.47037,0.00816,0,0,0,1,-0.02705
2021-04-15,0,1,0,0,0,0,-0.0016,-0.0003,0,0,0,0,1,-0.19797,0.00834,0,0,0,0,-0.20635
2021-04-16,0,1,0,0,1,0,-0.00145,-0.00036,0,0,0,0,1,-0.16907,0.00761,0,1,0,0,-0.11321
2021-04-19,0,1,1,1,1,0,0.00438,-7e-05,0,0,0,0,1,0.34957,0.00753,1,1,0,0,0.18206
2021-04-20,0,1,0,0,1,0,0.00016,-5e-05,0,0,0,0,1,-0.05337,0.00727,1,1,0,0,0.11299
2021-04-21,0,1,0,0,1,0,-0.00412,-0.00029,0,0,0,0,1,-0.42196,0.00728,0,1,0,0,-0.03084
2021-04-22,0,1,0,0,1,0,-0.00124,-0.00033,0,0,0,0,1,-0.13659,0.00688,0,1,0,0,-0.30761
2021-04-23,0,1,0,0,0,0,-0.00295,-0.00047,0,0,0,0,1,-0.27638,0.00714,0,0,0,1,-0.08828
2021-04-26,0,1,0,0,0,0,-0.00122,-0.0005,0,0,0,0,1,-0.06543,0.00683,0,0,0,0,-0.10059
2021-04-27,0,1,1,1,1,0,0.00621,-9e-05,0,0,0,0,1,0.80676,0.00672,0,1,0,1,-0.09633
2021-04-28,0,1,1,0,1,0,0.00031,-6e-05,0,0,0,0,1,0.13491,0.00662,0,1,0,1,-0.01966
2021-04-29,1,1,1,1,1,0,0.00528,0.00025,0,0,0,0,1,0.66758,0.00658,1,1,0,0,0.00551
2021-04-30,1,1,1,1,1,0,0.00566,0.00055,0,0,0,0,1,0.66886,0.00637,0,1,0,0,-0.21739
2021-05-03,1,1,1,1,1,0,0.00549,0.00082,0,0,0,0,1,0.61449,0.00596,0,1,0,0,-0.10952
2021-05-04,1,1,1,1,1,1,0.00981,0.00131,1,0,0,0,1,1.05318,0.00574,0,1,0,0,-0.40752
2021-05-05,1,1,1,0,1,0,0.00161,0.00128,0,0,0,0,1,0.20773,0.00594,1,1,0,1,0.14612
2021-05-06,1,1,0,0,0,0,-0.00064,0.00113,0,0,0,0,1,-0.00236,0.00612,1,1,0,0,0.12279
2021-05-07,1,1,0,0,0,0,-0.00489,0.00074,0,0,0,0,1,-0.4454,0.00599,1,0,0,1,0.06044
2021-05-10,1,1,0,0,0,0,-0.0076,0.00022,0,0,0,0,1,-0.72703,0.00601,1,0,0,1,0.29372
2021-05-11,0,1,0,0,0,0,-0.00889,-0.00032,0,0,0,0,1,-0.88624,0.00555,1,0,0,1,0.16192
2021-05-12,0,1,0,0,0,0,-0.01089,-0.00093,0,0,0,0,0,-0.99153,0.00559,0,0,0,1,-0.08294
2021-05-13,0,1,0,0,0,0,-0.01466,-0.00172,0,1,0,0,0,-1.12338,0.00566,0,0,0,1,-0.07861
2021-05-14,0,1,0,0,0,0,-0.01245,-0.00228,0,0,0,0,0,-0.86475,0.0053,0,0,0,0,-0.37836
2021-05-17,0,1,0,0,0,0,-0.00971,-0.00263,0,0,0,0,0,-0.62834,0.00505,0,0,0,1,-0.11219
2021-05-18,0,1,0,0,1,0,-0.00199,-0.00248,0,0,0,0,0,-0.09727,0.00518,1,1,0,1,0.19543
2021-05-19,0,1,1,0,1,0,0.00243,-0.00209,0,0,0,0,0,0.19252,0.00501,1,1,0,1,0.03258
2021-05-20,0,1,1,1,1,0,0.00993,-0.0013,0,0,0,0,0,0.66036,0.00553,1,1,0,1,0.31841
2021-05-21,0,1,1,1,1,0,0.00708,-0.00077,0,0,0,0,0,0.45503,0.00563,1,1,0,1,0.08981
2021-05-24,0,1,1,1,1,0,0.00642,-0.00033,0,0,0,0,0,0.40015,0.00554,1,1,0,1,0.14209
2021-05-25,1,1,1,1,1,0,0.00956,0.00026,0,0,0,0,0,0.59781,0.00539,1,1,0,1,0.07101
2021-05-26,1,1,1,1,1,0,0.003,0.00041,0,0,0,0,0,0.19881,0.00582,1,0,0,1,0.07247
2021-05-27,1,1,1,1,0,0,0.00388,0.00059,0,0,0,0,0,0.26839,0.00574,1,0,0,1,0.03088
2021-05-28,1,1,1,1,1,0,0.00672,0.00093,0,0,0,0,0,0.45321,0.00553,1,1,0,1,0.02822
2021-05-31,1,1,1,0,0,0,7e-05,0.00085,0,0,0,0,0,0.06936,0.00599,1,1,0,1,0.13692
2021-06-01,1,1,0,0,0,0,-0.00248,0.00062,0,0,0,0,0,-0.05684,0.00593,0,0,0,0,-0.09698
2021-06-02,1,1,1,1,1,0,0.00661,0.00094,0,0,0,0,0,0.53106,0.00618,1,1,0,1,0.05216
2021-06-03,1,1,1,1,1,0,0.00356,0.00106,0,0,0,0,0,0.33012,0.00634,0,0,0,1,-0.03068
2021-06-04,1,1,1,1,0,0,0.00509,0.00125,0,0,0,0,0,0.40326,0.00626,0,0,0,1,-0.02664
2021-06-07,1,1,1,1,1,0,0.00173,0.00124,0,0,0,0,0,0.1701,0.00592,1,0,0,0,0.17493
2021-06-08,1,1,0,0,1,0,-0.00261,0.00097,0,0,0,0,0,-0.13789,0.00588,1,0,0,0,0.04225
2021-06-09,1,1,1,0,0,0,0.00115,0.00094,0,0,0,0,0,0.07359,0.00552,0,0,0,0,-0.19375
2021-06-10,1,1,0,0,0,0,-0.00408,0.00062,0,0,0,0,0,-0.40056,0.00571,1,0,0,0,0.09235
2021-06-11,1,1,0,0,0,0,-0.00611,0.0002,0,0,0,0,1,-0.71453,0.00563,1,0,0,1,0.00606
2021-06-14,0,1,0,0,0,0,-0.00752,-0.00026,0,0,0,0,1,-0.97666,0.00532,0,0,0,0,-0.10507
2021-06-15,0,1,0,0,0,0,-0.00324,-0.00042,0,0,0,0,1,-0.55669,0.00512,0,0,0,0,-0.19958
2021-06-16,0,1,0,0,0,0,0.0004,-0.00036,0,0,0,0,1,-0.17714,0.00519,0,0,0,0,-0.18583
2021-06-17,0,1,1,1,1,0,0.00308,-0.00014,0,0,0,0,1,0.14736,0.00527,0,1,0,1,-0.09688
2021-06-18,1,1,1,1,1,0,0.00419,0.00012,0,0,0,0,1,0.29962,0.00507,1,1,0,0,0.01113
2021-06-21,0,1,0,0,1,0,-0.00324,-8e-05,0,0,0,0,1,-0.48127,0.00565,1,1,0,0,0.14205
2021-06-22,0,1,0,0,1,0,-0.00071,-0.00012,0,0,0,0,1,-0.1678,0.00511,1,1,0,0,0.11358
2021-06-23,0,1,0,0,0,0,-0.00267,-0.00026,0,0,0,0,1,-0.37944,0.00519,1,1,0,1,0.05793
2021-06-24,0,1,0,0,0,0,-0.00424,-0.00049,0,0,0,0,1,-0.52891,0.00524,0,0,0,0,-0.23939
2021-06-25,0,1,0,0,0,0,-0.00158,-0.00053,0,0,0,0,1,-0.18753,0.00529,1,0,0,1,0.08586
2021-06-28,0,1,0,0,0,0,-0.00351,-0.00069,0,0,0,0,1,-0.41413,0.00518,0,0,0,1,-0.22478
2021-06-29,0,1,0,0,0,0,-0.00584,-0.00097,0,0,0,0,1,-0.67235,0.00521,0,0,0,0,-0.37181
2021-06-30,0,1,0,0,0,0,-0.00652,-0.00126,0,0,0,0,1,-0.72802,0.00492,1,0,0,0,0.01892
2021-07-01,0,1,0,0,0,0,-0.00348,-0.00134,0,0,0,0,1,-0.33326,0.00501,0,0,0,1,-0.09457
2021-07-02,0,1,0,0,0,0,-0.00302,-0.00139,0,0,0,0,1,-0.25402,0.00509,0,0,0,1,-0.28713
2021-07-05,0,1,0,0,1,0,-0.00185,-0.00136,0,0,0,0,1,-0.05804,0.00489,1,1,0,1,0.1243
2021-07-06,0,1,0,0,0,0,-0.00626,-0.0016,0,0,0,0,1,-0.69065,0.00497,1,1,0,1,0.02714
2021-07-07,0,1,1,0,1,0,0.00079,-0.0014,0,0,0,0,1,0.3737,0.00537,1,1,0,1,0.38657
2021-07-08,0,1,0,0,1,0,-0.00174,-0.00137,0,0,0,0,1,-0.02204,0.00527,0,1,0,0,-0.09626
2021-07-09,0,1,1,0,1,0,-0.00073,-0.00128,0,0,0,0,1,0.10192,0.00467,0,1,0,1,-0.13087
2021-07-12,0,1,0,0,0,0,-0.01159,-0.00185,0,1,0,0,1,-1.32462,0.00532,1,0,0,1,0.04881
2021-07-13,0,1,0,0,0,0,-0.01696,-0.00269,0,1,0,0,0,-1.45345,0.00558,1,0,0,1,0.19847
2021-07-14,0,1,0,0,0,0,-0.00666,-0.0028,0,0,0,0,0,-0.4702,0.00607,1,0,0,0,0.36842
2021-07-15,0,1,0,0,0,0,-0.00346,-0.00273,0,0,0,0,0,-0.15034,0.00632,0,1,0,0,-0.23587
2021-07-16,0,1,1,0,0,0,-0.00189,-0.00258,0,0,0,0,1,0.04862,0.00612,1,1,0,0,0.19661
2021-07-19,0,1,0,0,1,0,-0.00655,-0.00273,0,0,0,0,1,-0.44511,0.00617,1,1,0,1,0.05336
2021-07-20,0,1,0,0,1,0,-0.00473,-0.00274,0,0,0,0,1,-0.23578,0.0064,0,1,0,0,-0.04792
2021-07-21,0,1,0,0,1,0,-0.00555,-0.00281,0,0,0,0,1,-0.3159,0.0064,0,1,0,0,-0.02037
2021-07-22,0,1,1,0,1,0,0.00167,-0.00243,0,0,0,0,1,0.47638,0.00696,1,1,0,0,0.02206
2021-07-23,0,1,1,1,1,1,0.00504,-0.00189,0,0,0,0,1,0.81082,0.00703,1,1,0,0,0.09162
2021-07-26,0,1,1,1,1,1,0.00778,-0.00126,0,0,0,0,0,0.973,0.00686,0,1,0,0,-0.0941
2021-07-27,0,1,1,1,1,0,0.0046,-0.00087,0,0,0,0,0,0.62635,0.00664,0,1,0,0,-0.10559
2021-07-28,0,1,1,0,1,0,0.00101,-0.00074,0,0,0,0,0,0.28342,0.00663,1,1,0,0,0.05959
2021-07-29,0,1,1,0,0,0,-0.00068,-0.00071,0,0,0,0,0,0.12767,0.00659,0,0,0,0,-0.10204
2021-07-30,0,1,1,1,0,0,0.00337,-0.00044,0,0,0,0,0,0.4681,0.00601,0,0,0,1,-0.11486
2021-08-02,0,1,1,0,0,0,0.00013,-0.00039,0,0,0,0,0,0.18577,0.00581,1,0,0,1,0.01385
2021-08-03,1,1,1,1,1,1,0.00905,0.00017,0,0,0,0,0,0.85639,0.00569,1,0,0,1,0.19815
2021-08-04,1,1,1,1,1,1,0.01236,0.00087,0,0,0,0,0,0.99639,0.0055,1,1,0,1,0.14141
2021-08-05,1,1,1,1,1,1,0.01413,0.00159,0,0,0,0,0,0.98204,0.00573,0,1,0,1,-0.06978
2021-08-06,1,1,1,1,1,0,0.01105,0.00208,0,0,0,0,0,0.73009,0.00556,0,1,0,1,-0.0693
2021-08-09,1,1,1,1,1,1,0.01785,0.00289,1,0,1,0,0,1.00712,0.00595,0,1,0,1,-0.16081
2021-08-10,1,1,1,1,1,0,0.01561,0.00352,0,0,1,0,0,0.86161,0.00582,0,1,0,1,-0.27457
2021-08-11,1,1,1,1,1,1,0.02549,0.0046,1,0,1,0,0,1.19852,0.00575,1,1,0,1,0.27445
2021-08-12,1,1,1,1,1,1,0.02461,0.00556,1,0,1,0,0,1.01192,0.00548,0,1,0,0,-0.40063
2021-08-13,1,1,1,1,1,1,0.02496,0.00644,0,0,1,0,0,0.92026,0.00538,0,1,0,0,-0.11213
2021-08-16,1,1,1,1,1,0,0.01428,0.00671,0,0,0,0,0,0.45539,0.00572,1,1,0,1,0.07213
2021-08-17,1,1,1,1,1,0,0.01337,0.00684,0,0,0,0,0,0.39798,0.00566,0,1,0,0,-0.08203
2021-08-18,1,1,1,1,1,0,0.02253,0.00741,0,0,1,0,0,0.77056,0.00659,1,1,0,1,0.49966
2021-08-19,1,1,1,1,0,0,0.01846,0.00779,0,0,0,0,0,0.56344,0.00669,1,0,0,1,0.17168
2021-08-20,1,1,1,1,0,0,0.01662,0.00801,0,0,1,0,0,0.46294,0.00652,1,0,0,1,0.0047
2021-08-23,1,1,1,1,0,0,0.0077,0.00775,0,0,0,0,0,0.05258,0.00645,1,0,0,1,0.26628
2021-08-24,1,1,1,1,0,0,0.00995,0.00757,0,0,0,0,0,0.14278,0.00651,0,0,0,1,-0.04544
2021-08-25,1,1,1,1,1,1,0.02144,0.00799,0,0,0,0,0,0.66886,0.00701,1,0,0,0,0.41605
2021-08-26,1,1,1,1,1,1,0.02246,0.0085,0,0,0,0,0,0.71595,0.00705,0,1,0,0,-0.01877
2021-08-27,1,1,1,1,1,1,0.02811,0.00923,0,0,0,0,0,0.95392,0.00679,0,1,0,0,-0.04997
2021-08-30,1,1,1,1,1,1,0.0299,0.01002,1,0,0,0,0,1.03164,0.00703,0,1,0,0,-0.14659
2021-08-31,1,1,1,1,1,1,0.02939,0.01072,0,0,0,0,0,0.94595,0.00662,0,1,0,0,-0.12002
2021-09-01,1,1,1,1,1,0,0.02029,0.01094,0,0,0,0,0,0.47871,0.00726,1,1,0,0,0.3376
2021-09-02,1,1,1,1,1,0,0.02589,0.0113,0,0,0,0,0,0.74386,0.00758,0,1,0,0,-0.06037
2021-09-03,1,1,1,1,1,0,0.02559,0.01168,0,0,0,0,0,0.72118,0.00703,0,1,0,0,-0.08502
2021-09-06,1,1,1,1,1,1,0.02554,0.01201,0,0,0,0,0,0.69445,0.00701,0,1,0,0,-0.2163
2021-09-07,1,1,1,1,0,0,0.02182,0.01214,0,0,0,0,0,0.49911,0.00632,0,1,0,1,-0.23754
2021-09-08,1,1,1,1,1,0,0.01982,0.01213,0,0,0,0,0,0.39891,0.00634,0,1,0,0,-0.09282
2021-09-09,1,1,1,1,0,0,0.01883,0.01205,0,0,0,0,0,0.35415,0.00642,0,0,0,1,-0.30416
2021-09-10,1,1,1,1,0,0,0.01503,0.0118,0,0,0,0,0,0.16872,0.00606,0,0,0,0,-0.18124
2021-09-13,1,1,1,1,0,0,0.01558,0.01156,0,0,0,0,0,0.19494,0.00604,0,0,0,0,-0.17164
2021-09-14,1,1,1,1,0,0,0.01683,0.0114,0,0,0,0,0,0.26608,0.00528,0,0,0,0,-0.24726
2021-09-15,1,1,1,1,0,0,0.01401,0.01115,0,0,0,0,0,0.10763,0.00527,0,0,0,0,-0.0466
2021-09-16,1,1,0,1,0,0,0.01142,0.01076,0,0,0,0,1,-0.05269,0.00507,1,0,0,0,0.24913
2021-09-17,1,1,0,1,0,0,0.01122,0.01038,0,0,0,0,1,-0.07403,0.0048,1,1,0,0,0.03946
2021-09-20,1,1,1,1,1,1,0.01913,0.01041,0,0,0,0,1,0.53443,0.00504,1,1,0,1,0.26957
2021-09-21,1,1,1,1,1,1,0.02117,0.0106,0,0,0,0,1,0.93498,0.00489,0,1,0,0,-0.11165
2021-09-22,1,1,1,1,1,1,0.02043,0.01076,0,0,0,0,1,0.87862,0.00452,0,1,0,0,-0.33082
2021-09-23,1,1,1,1,1,0,0.01751,0.01076,0,0,0,0,1,0.56149,0.00458,1,1,0,1,0.18406
2021-09-24,1,1,1,1,1,0,0.01495,0.01061,0,0,0,0,1,0.28133,0.00461,0,1,0,0,-0.11199
2021-09-27,1,1,1,1,1,1,0.02071,0.01072,0,0,0,0,1,0.98878,0.00487,1,1,0,1,0.41372
2021-09-28,1,1,0,1,0,0,0.00895,0.01033,0,0,0,0,1,-0.32,0.00557,1,0,0,1,0.51994
2021-09-29,1,1,1,1,0,0,0.01412,0.0101,0,0,0,0,1,0.31631,0.00577,0,0,0,0,-0.1939
2021-09-30,1,1,1,1,1,1,0.01933,0.01019,0,0,0,0,1,0.90626,0.00598,1,1,0,0,0.22234
2021-10-01,1,1,1,1,1,0,0.01649,0.01019,0,0,0,0,1,0.61226,0.0059,0,1,0,0,-0.04354
2021-10-04,1,1,1,1,1,1,0.02945,0.01076,1,0,0,0,1,1.46701,0.0066,1,1,0,1,0.23129
2021-10-05,1,1,1,1,1,1,0.02917,0.01138,1,0,0,0,1,1.20268,0.00654,0,1,0,1,-0.20305
2021-10-06,1,1,1,1,1,1,0.03411,0.01215,1,0,1,0,0,1.24045,0.00698,1,1,0,0,0.29873
2021-10-07,1,1,1,1,1,1,0.04425,0.01334,1,0,1,0,0,1.36422,0.00764,1,1,0,0,0.16448
2021-10-08,1,1,1,1,1,1,0.04714,0.01464,1,0,1,0,0,1.22392,0.00742,0,1,0,0,-0.17015
2021-10-11,1,1,1,1,1,0,0.03838,0.01549,0,0,0,0,0,0.85154,0.00757,0,1,0,0,-0.27738
2021-10-12,1,1,1,1,1,0,0.03718,0.0161,0,0,0,0,0,0.76103,0.00783,0,1,0,0,-0.04245
2021-10-13,1,1,1,1,1,0,0.03138,0.0164,0,0,0,0,0,0.56438,0.00817,1,1,0,1,0.15738
2021-10-14,1,1,1,1,0,0,0.02941,0.01652,0,0,0,0,0,0.49255,0.00814,1,0,0,1,0.03131
2021-10-15,1,1,1,1,0,0,0.02811,0.01654,0,0,0,0,0,0.44451,0.00759,0,0,0,1,-0.23588
2021-10-18,1,1,1,1,0,0,0.02211,0.0163,0,0,1,0,0,0.24926,0.00732,1,0,0,0,0.07616
2021-10-19,1,1,1,1,0,0,0.01678,0.01578,0,0,0,0,0,0.07242,0.00727,0,0,0,0,-0.15904
2021-10-20,1,1,0,1,0,0,0.00056,0.01454,0,0,0,0,0,-0.46941,0.00825,1,0,0,1,0.41452
2021-10-21,1,1,0,1,0,0,-0.01386,0.01253,0,0,0,0,0,-0.8935,0.00937,1,0,0,1,2.98538
2021-10-22,1,1,0,1,0,0,-0.00292,0.01105,0,0,0,0,0,-0.55618,0.00928,0,0,0,1,-0.02498
2021-10-25,1,1,0,1,0,0,-0.00483,0.00973,0,0,0,0,0,-0.59454,0.00945,0,0,0,0,-0.29203
2021-10-26,1,1,0,1,0,0,-0.01841,0.00784,0,0,0,1,0,-0.95983,0.01011,1,0,0,0,0.33061
2021-10-27,1,1,0,1,0,0,-0.01778,0.00604,0,0,0,1,0,-0.8766,0.00976,1,0,0,0,1.07599
2021-10-28,1,1,0,0,0,0,-0.02072,0.00425,0,0,0,1,0,-0.86703,0.00969,0,0,0,0,-0.41417
2021-10-29,1,1,0,1,0,0,-0.00326,0.00359,0,0,0,1,0,-0.42228,0.01017,1,0,0,0,0.23514
2021-11-01,1,1,0,1,1,0,0.01071,0.00382,0,0,0,0,0,-0.06059,0.0107,1,0,0,0,0.10191
