date,open,high,low,close,volume
2019-01-02,340.19,340.19,339.3,339.35,5502
2019-01-03,338.93,340.45,338.76,340.11,5039
2019-01-04,340.54,340.92,340.2,340.92,3415
2019-01-07,341.16,341.34,341.02,341.22,4276
2019-01-08,341.31,341.61,341.14,341.28,4328
2019-01-09,341.05,341.52,341.05,341.39,4122
2019-01-10,341.58,342.07,341.58,341.71,4545
2019-01-11,341.59,341.95,341.09,341.12,4918
2019-01-14,340.85,340.85,340.08,340.14,4772
2019-01-15,340.19,340.33,338.78,338.78,3849
2019-01-16,339.27,339.27,338.43,338.78,4233
2019-01-17,338.71,339.0,336.75,336.75,5962
2019-01-18,337.53,337.87,337.27,337.87,4963
2019-01-21,337.92,338.01,337.43,337.92,5273
2019-01-22,338.04,338.04,336.81,336.81,5531
2019-01-23,336.95,336.95,336.07,336.8,4850
2019-01-25,337.23,337.79,337.23,337.59,4512
2019-01-28,336.98,337.91,336.98,337.3,4535
2019-01-29,336.93,337.06,336.47,336.9,4748
2019-01-30,336.71,337.45,336.71,337.09,4933
2019-01-31,337.28,339.55,337.28,339.55,5460
2019-02-01,339.43,339.43,338.14,338.9,7001
2019-02-04,339.11,339.11,338.15,338.15,4613
2019-02-05,338.3,338.98,338.23,338.54,5093
2019-02-06,338.67,340.9,338.67,340.85,5939
2019-02-07,340.78,340.9,340.33,340.9,5560
2019-02-08,340.62,340.79,340.29,340.7,4937
2019-02-11,340.64,340.89,340.33,340.56,4623
2019-02-12,340.71,342.22,340.71,342.07,4857
2019-02-13,342.12,344.14,342.12,342.95,6476
2019-02-14,343.14,343.58,342.86,343.08,4412
2019-02-15,342.96,344.03,342.96,343.55,5071
2019-02-18,344.21,344.28,343.29,343.8,4417
2019-02-19,343.49,343.86,342.99,343.86,5489
2019-02-20,344.15,344.4,343.3,344.35,5565
2019-02-21,344.51,344.51,343.87,343.87,4623
2019-02-22,343.69,343.69,341.96,341.96,6788
2019-02-25,342.31,343.63,342.23,343.48,4551
2019-02-26,343.82,345.04,343.72,345.04,5157
2019-02-27,344.85,345.01,344.15,344.15,5985
2019-02-28,344.04,344.08,343.18,343.59,5192
2019-03-01,343.69,344.13,343.14,343.14,4198
2019-03-04,343.31,343.31,341.96,342.12,5484
2019-03-05,342.15,342.29,341.85,342.11,5193
2019-03-06,342.36,342.63,341.54,341.54,3871
2019-03-08,339.67,339.81,339.45,339.45,4527
2019-03-07,341.43,341.62,339.89,339.89,5650
2019-03-11,339.09,339.43,338.99,339.13,4195
2019-03-12,338.92,339.85,338.92,339.52,4633
2019-03-13,339.48,339.74,338.96,339.63,5741
2019-03-14,339.4,339.4,338.33,338.33,4013
2019-03-15,338.07,339.42,338.07,339.42,3667
2019-03-18,339.46,339.46,338.65,339.05,5274
2019-03-19,338.98,338.98,338.18,338.54,6388
2019-03-20,338.64,339.96,338.64,339.96,4870
2019-03-21,339.79,340.52,339.27,340.52,5982
2019-03-22,340.55,340.84,340.13,340.74,5727
2019-03-25,340.38,340.54,339.79,339.85,5059
2019-03-29,341.1,342.47,340.85,342.47,5062
2019-03-27,339.57,340.39,338.78,340.39,5195
2019-03-28,340.96,341.48,340.96,341.16,4158
2019-03-26,339.8,339.8,339.4,339.55,4099
2019-04-01,342.41,343.46,342.41,343.46,6368
2019-04-02,343.47,344.27,343.47,344.27,5977
2019-04-03,344.28,345.12,344.28,344.68,5674
2019-04-04,344.49,345.41,343.99,345.09,5336
2019-04-05,344.91,345.0,343.73,343.73,4618
08-04-2019,343.65,344.2,343.39,343.39,5246
09-04-2019,343.08,344.19,343.08,343.92,4819
2019-04-10,343.82,344.36,343.04,343.07,5112
2019-04-11,343.1,343.77,342.5,342.7,4928
2019-04-12,342.57,343.31,342.57,343.09,5341
2019-04-15,342.63,342.79,342.01,342.33,5189
2019-04-16,341.83,342.36,339.96,340.29,6379
2019-04-19,339.25,339.25,338.65,338.92,6353
2019-04-18,339.67,339.74,338.86,339.46,5257
2019-04-17,340.25,340.51,339.51,339.51,6155
2019-04-22,338.71,340.89,338.71,340.89,5422
2019-04-23,340.95,342.25,340.95,341.83,4916
2019-04-24,341.36,341.36,340.38,340.94,4564
2019-04-25,341.03,341.23,340.49,341.21,4724
2019-04-29,342.25,342.56,341.29,341.29,4823
2019-04-26,341.46,342.4,341.18,342.4,5653
2019-04-30,341.11,342.04,340.74,342.04,4488
2019-05-01,341.74,342.89,341.45,342.89,5541
2019-05-02,343.02,343.75,343.02,343.53,4702
2019-05-03,343.62,343.91,342.61,342.93,5090
2019-05-06,342.93,343.83,342.93,343.23,3749
2019-05-07,343.17,343.17,341.8,341.97,5564
2019-05-08,341.92,342.6,341.67,342.6,5939
2019-05-09,342.89,342.89,341.47,341.9,6446
2019-05-10,341.25,341.25,340.08,340.26,5431
2019-05-13,340.09,340.57,340.09,340.22,5862
2019-05-14,340.46,341.22,340.13,340.9,5302
2019-05-15,340.51,341.08,340.32,340.45,4969
2019-05-16,340.32,340.38,339.08,339.08,4646
2019-05-17,339.45,340.23,339.27,339.93,5465
2019-05-20,339.93,340.28,339.68,339.81,4776
21-05-2019,339.8,339.8,338.41,338.41,5152
2019-05-22,338.11,338.32,337.52,337.52,4972
2019-05-23,337.8,337.9,337.11,337.64,5910
2019-05-24,337.63,337.9,337.13,337.23,2803
2019-05-27,337.22,338.08,337.22,338.04,6209
2019-05-28,337.54,337.98,336.6,337.98,4070
2019-05-29,338.28,338.62,337.36,337.36,3450
2019-05-30,337.48,338.5,337.48,338.5,4343
2019-05-31,338.48,338.48,336.05,336.05,6715
2019-06-03,336.39,337.92,336.39,337.92,4771
2019-06-04,337.84,338.42,337.84,338.23,5617
2019-06-05,338.14,339.5,338.14,339.5,6263
2019-06-06,339.18,339.18,338.5,338.76,4654
2019-06-07,338.63,338.82,338.45,338.65,5160
2019-06-10,338.53,339.47,338.2,339.01,3874
2019-06-11,339.03,339.45,338.87,338.87,4867
2019-06-12,338.61,338.97,337.99,338.97,5828
2019-06-13,338.97,338.97,337.87,338.5,5082
2019-06-14,337.97,339.93,337.97,339.93,6400
17-06-2019,340.27,340.27,339.36,339.39,5488
2019-06-18,339.12,339.12,338.29,338.33,5027
2019-06-19,338.47,338.6,337.97,338.44,3327
2019-06-20,338.56,338.56,337.76,337.76,4747
2019-06-21,338.33,339.28,338.33,339.28,4672
2019-06-24,339.59,339.78,339.22,339.78,4407
2019-06-25,339.76,339.76,338.85,339.58,4905
2019-06-26,339.58,340.01,339.49,340.01,3203
2019-06-27,340.42,341.16,340.1,340.1,5436
2019-06-28,339.86,340.11,338.67,338.67,4632
2019-07-01,338.61,338.78,337.59,338.78,4150
2019-07-02,339.13,339.21,338.92,339.15,5018
2019-07-03,338.63,338.78,337.8,337.96,3741
2019-07-04,338.06,339.61,337.97,339.48,5973
2019-07-05,339.41,340.02,338.63,338.63,5665
2019-07-08,338.1,338.75,337.68,338.11,5177
2019-07-09,338.34,338.42,337.11,338.11,5500
2019-07-10,338.68,340.09,338.68,340.09,4389
11-07-2019,339.75,341.14,338.64,341.14,4626
2019-07-12,341.0,342.54,341.0,341.8,3816
2019-07-15,342.47,342.47,340.05,340.05,5982
2019-07-16,340.57,341.43,339.95,341.43,5275
2019-07-17,341.15,342.62,341.15,342.62,5021
2019-07-18,342.57,343.26,342.33,343.26,5051
2019-07-19,343.1,343.91,343.1,343.87,5948
2019-07-25,342.69,342.69,340.96,340.96,5582
2019-07-23,343.4,343.84,342.75,342.75,5544
2019-07-24,342.66,343.68,342.66,342.98,5624
2019-07-22,343.34,344.21,342.8,343.63,6055
2019-07-26,340.98,340.98,339.97,340.08,5303
2019-07-29,340.3,340.3,338.69,339.28,5497
2019-07-30,339.63,341.37,339.63,340.13,5568
2019-07-31,340.76,340.93,339.28,339.77,5790
2019-08-01,340.06,341.21,339.98,340.54,5016
2019-08-02,339.96,341.17,339.94,339.94,4505
2019-08-05,339.83,341.05,338.84,339.16,5401
2019-08-06,338.83,340.32,338.67,339.28,6021
2019-08-07,338.36,338.77,337.26,337.26,4879
2019-08-08,336.94,336.94,335.54,335.54,5510
2019-08-09,335.77,337.23,335.17,335.17,4780
2019-08-12,335.4,337.22,335.4,336.32,4651
2019-08-13,336.33,336.69,335.71,336.31,4872
2019-08-14,336.63,337.03,336.34,336.51,3168
2019-08-15,336.55,337.41,335.81,336.55,4879
2019-08-16,336.83,337.67,336.77,336.77,4058
2019-08-19,337.01,338.78,336.64,338.78,6335
2019-08-20,339.21,339.21,337.18,337.54,5808
2019-08-21,337.78,337.78,336.25,336.25,4103
2019-08-22,336.44,337.14,336.08,336.97,5162
2019-08-23,337.77,338.95,337.77,338.95,5285
2019-08-26,338.6,340.4,338.6,340.4,4815
2019-08-27,340.63,340.63,339.38,339.46,5115
28-08-2019,339.24,340.05,339.07,339.91,4711
29-08-2019,339.42,339.42,336.68,336.68,5652
2019-08-30,335.53,335.53,333.77,333.78,5213
2019-09-03,332.71,332.71,330.41,330.42,4857
2019-09-04,330.43,330.43,328.07,328.07,5330
2019-09-05,327.6,328.11,327.22,328.04,4612
2019-09-06,327.3,328.58,326.95,327.88,5596
2019-09-09,328.1,328.1,325.04,325.04,5414
2019-09-10,325.21,326.54,324.91,326.13,4750
2019-09-11,325.89,328.5,325.89,327.12,6038
2019-09-12,326.88,327.39,325.43,326.46,5257
2019-09-13,326.14,326.82,324.74,326.73,5433
2019-09-16,327.22,328.16,327.2,327.27,5055
2019-09-17,326.99,328.44,326.77,328.44,5169
2019-09-18,328.29,329.14,327.8,327.8,4476
2019-09-19,327.28,329.38,327.28,329.38,4754
2019-09-20,329.55,330.9,329.32,330.9,5795
2019-09-23,331.56,333.58,331.28,333.58,4922
2019-09-24,332.53,332.53,330.54,330.56,5266
2019-09-25,330.37,330.4,329.49,329.49,5366
2019-09-26,330.08,331.21,329.32,331.21,5127
2019-09-27,331.22,332.03,329.21,329.21,5519
2019-09-30,328.72,328.9,327.91,327.91,4719
2019-10-01,327.43,328.01,326.7,327.9,5586
2019-10-02,327.81,327.81,326.64,327.34,6152
2019-10-03,327.55,328.59,326.81,327.13,5283
2019-10-04,326.99,327.24,326.52,326.74,4277
2019-10-07,326.32,326.99,325.79,326.99,4618
2019-10-08,326.88,327.95,324.86,325.83,4189
2019-10-09,325.66,326.48,324.19,324.19,4901
2019-10-10,324.95,324.95,323.45,323.45,4663
2019-10-11,324.18,324.39,322.28,323.95,4868
2019-10-14,323.48,323.53,322.93,323.14,4542
2019-10-15,323.75,325.47,323.75,324.89,5603
2019-10-16,323.95,324.99,323.58,324.99,6310
2019-10-17,324.21,325.07,323.63,323.63,6490
2019-10-18,323.67,324.56,322.63,324.56,4760
2019-10-21,324.14,326.62,324.14,326.55,5679
2019-10-22,326.73,327.48,326.32,326.39,5705
2019-10-23,326.36,326.78,325.86,325.86,5933
2019-10-24,326.01,326.46,325.52,325.52,5620
2019-10-25,326.23,326.48,324.19,325.0,5447
2019-10-28,325.34,325.62,324.99,325.56,5528
2019-10-29,326.3,326.59,323.48,323.48,4684
2019-10-30,324.14,324.14,320.64,320.64,5856
2019-10-31,320.91,321.29,319.63,321.29,6167
2019-11-01,321.06,323.49,321.06,322.82,5542
2019-11-04,323.73,324.03,322.87,323.78,3841
2019-11-05,324.21,324.21,322.01,322.24,5903
2019-11-06,322.26,322.26,320.3,320.35,4993
2019-11-07,320.18,321.94,320.09,321.94,4868
2019-11-08,322.19,324.01,321.88,324.01,5346
2019-11-11,324.56,325.49,324.56,325.49,6454
2019-11-12,325.86,327.41,324.99,327.41,6134
2019-11-13,327.61,327.61,326.37,327.04,5301
2019-11-14,326.56,328.75,326.17,328.75,4891
2019-11-15,328.7,328.7,327.11,327.74,5212
2019-11-18,327.2,327.2,325.55,326.65,4338
2019-11-19,326.56,326.96,326.56,326.57,5144
2019-11-20,326.37,327.03,326.37,326.5,5480
2019-11-21,326.32,326.64,325.65,325.8,6674
2019-11-22,325.65,328.49,325.65,328.49,5113
2019-11-25,329.17,330.72,328.78,330.72,5430
2019-11-26,330.19,330.19,328.81,329.01,5856
2019-11-27,329.2,329.92,329.2,329.77,6034
2019-11-28,329.45,329.45,327.7,328.08,4386
2019-11-29,328.01,329.01,327.63,328.27,4092
2019-12-02,327.85,329.75,327.76,329.75,3776
2019-12-03,329.24,329.83,328.94,329.11,4960
2019-12-04,328.16,328.36,326.94,328.22,4111
2019-12-05,327.64,329.53,326.92,329.29,5411
2019-12-06,329.53,329.7,328.49,329.17,4356
2019-12-09,329.23,331.36,329.23,331.36,5565
2019-12-10,330.36,332.78,330.36,332.78,5863
2019-12-11,332.88,334.19,332.88,333.37,3275
2019-12-12,332.88,333.65,331.51,331.51,4038
2019-12-13,331.54,331.7,329.84,331.03,4554
2019-12-16,330.86,332.67,330.86,332.66,6229
2019-12-17,333.35,333.84,333.23,333.23,5202
2019-12-18,332.99,332.99,331.5,331.5,6842
2019-12-19,331.31,331.31,329.49,329.49,5275
2019-12-20,329.36,332.75,329.36,332.75,4758
2019-12-23,332.33,334.0,332.33,333.44,5418
2019-12-24,333.37,334.32,332.46,333.61,3838
2019-12-25,334.4,334.4,332.66,332.67,6956
2019-12-26,332.24,333.48,331.92,332.25,4547
2019-12-27,332.07,332.41,331.26,331.99,3887
2019-12-31,333.02,333.02,332.06,332.06,5391
2020-01-01,332.23,332.51,331.4,332.36,5446
2020-01-02,332.09,332.37,331.47,331.69,4782
06-01-2020,330.73,330.73,329.72,329.72,3248
2020-01-07,328.9,328.9,327.75,328.08,4719
2020-01-08,328.23,328.54,327.33,327.46,5702
2020-01-09,327.55,327.69,325.59,325.59,6036
2020-01-10,325.24,325.55,323.03,323.03,5950
2020-01-13,323.45,324.6,323.45,324.6,5380
2020-01-14,324.53,324.8,324.2,324.8,5328
2020-01-15,324.67,324.87,324.32,324.55,4773
2020-01-16,324.82,325.93,324.82,325.05,5456
2020-01-17,325.21,325.94,324.7,325.62,4184
2020-01-20,325.62,326.86,325.62,325.92,6515
2020-01-21,326.08,326.38,325.09,325.09,4155
2020-01-22,324.59,325.81,324.59,325.81,4994
2020-01-23,326.04,326.04,325.03,325.03,5125
2020-01-24,325.23,325.36,324.59,324.96,3742
2020-01-27,325.14,326.37,325.14,326.1,5426
2020-01-28,325.89,326.99,325.89,326.99,5814
2020-01-30,324.58,324.78,323.88,324.36,4244
31-01-2020,324.52,325.15,324.25,324.61,4730
2020-02-03,324.42,324.42,323.12,323.52,5175
2020-02-04,323.34,323.35,321.45,321.49,5656
2020-02-05,321.97,323.1,321.93,323.09,4908
2020-02-11,324.89,325.26,324.79,325.26,2735
2020-02-07,324.82,325.86,324.82,325.86,5973
2020-02-10,326.52,326.52,324.93,324.93,5241
2020-02-06,323.49,325.55,323.37,324.93,5220
2020-02-12,325.33,325.35,323.4,323.4,6055
2020-02-13,323.53,325.2,323.53,325.2,6123
2020-02-14,325.64,326.03,324.8,325.38,6039
2020-02-17,325.36,327.16,325.36,327.16,6780
18-02-2020,327.46,327.46,326.1,326.57,5944
2020-02-19,326.85,329.41,326.85,329.1,6793
2020-02-20,328.82,330.26,328.28,330.12,3934
2020-02-21,329.97,329.97,328.36,329.6,6165
2020-02-24,329.73,330.05,328.83,328.83,5654
2020-02-25,328.73,330.31,328.19,330.31,5677
2020-02-26,330.3,331.75,330.3,331.45,4854
2020-02-27,331.65,331.65,330.44,330.44,6496
2020-02-28,330.79,331.16,330.2,331.16,7528
2020-03-02,331.35,331.96,330.83,331.7,5605
2020-03-03,332.0,332.23,331.14,331.14,5561
2020-03-04,331.59,332.55,331.07,331.62,4306
2020-03-05,332.44,332.51,331.64,331.64,5157
2020-03-06,331.85,332.33,330.97,331.89,4894
2020-03-09,332.08,332.95,332.08,332.67,4952
2020-03-10,332.75,333.47,332.75,333.33,5252
2020-03-11,333.19,333.59,333.12,333.39,5315
2020-03-12,333.25,335.82,332.93,335.82,5630
2020-03-13,335.89,335.89,334.87,335.66,5539
2020-03-16,335.44,336.82,334.99,336.26,3349
2020-03-17,336.52,337.39,336.13,336.13,5074
2020-03-18,336.27,336.42,334.29,334.29,4895
2020-03-19,334.74,337.24,334.74,337.24,5656
2020-03-20,337.6,339.31,337.6,338.68,4598
2020-03-23,338.59,338.59,337.37,337.87,3933
2020-03-24,338.21,339.42,338.21,338.93,4016
2020-03-25,338.79,338.79,336.98,337.43,6312
2020-03-26,337.62,338.19,336.9,338.19,5168
2020-03-27,338.1,338.3,336.77,337.12,5425
2020-03-30,336.85,337.59,336.85,337.59,5129
2020-03-31,337.18,337.18,336.17,336.31,5256
01-04-2020,336.4,336.92,335.9,336.92,3814
2020-04-02,336.99,338.67,336.99,338.67,5780
2020-04-03,338.95,339.52,338.51,338.72,5156
2020-04-06,338.85,340.1,338.67,339.38,4014
2020-04-07,339.12,340.94,339.12,340.17,4493
2020-04-08,340.53,342.21,340.53,341.86,6131
2020-04-09,342.24,342.32,341.94,342.28,4155
2020-04-10,342.41,343.36,342.27,343.36,5675
2020-04-13,343.0,343.43,342.16,342.16,5115
2020-04-14,342.33,342.55,341.78,342.09,5150
2020-04-15,341.98,341.98,340.6,341.55,5200
2020-04-16,341.93,342.36,341.68,341.68,5970
2020-04-17,342.17,342.17,339.64,339.64,5410
2020-04-20,340.14,341.09,340.07,341.09,4905
2020-04-21,340.94,340.94,339.59,339.59,4568
2020-04-22,339.75,339.89,339.12,339.89,4141
2020-04-23,339.42,339.42,338.87,339.26,3037
24-04-2020,339.41,339.57,338.64,338.89,6455
2020-04-27,338.67,338.67,336.96,337.69,4266
2020-04-28,337.9,338.0,337.05,337.44,5272
2020-04-29,337.78,339.15,337.78,338.78,5639
2020-04-30,338.42,338.88,337.16,337.17,5342
2020-05-01,337.25,337.95,336.7,336.7,5150
2020-05-04,336.7,337.06,335.81,336.39,5852
2020-05-05,336.68,336.97,335.89,336.89,3720
2020-05-06,336.48,337.92,336.09,336.09,4903
2020-05-07,336.42,336.42,335.11,335.37,6842
2020-05-08,335.88,337.52,335.83,337.52,4992
2020-05-11,337.32,338.13,337.32,338.13,4950
2020-05-12,337.6,337.68,337.12,337.53,3869
2020-05-13,337.06,337.67,336.62,337.63,4308
2020-05-14,337.65,338.6,336.87,338.21,4690
2020-05-15,337.97,337.97,336.65,336.65,5517
2020-05-18,336.74,336.74,335.29,335.29,5477
2020-05-19,335.0,335.0,334.22,334.69,4856
2020-05-20,334.96,335.42,333.9,333.9,5288
2020-05-21,333.67,333.67,332.39,332.74,5188
2020-05-22,332.27,332.27,331.39,331.73,5682
2020-05-25,331.89,331.89,330.82,331.16,4816
2020-05-26,331.49,333.45,331.49,333.33,5185
2020-05-27,333.66,333.66,332.52,332.52,3882
2020-05-28,332.55,332.62,331.82,331.82,4980
2020-05-29,332.06,332.69,331.81,332.67,4665
2020-06-01,332.5,333.79,331.98,333.73,6030
2020-06-02,333.87,334.28,333.51,333.51,5104
2020-06-03,333.18,334.17,333.07,333.07,5741
2020-06-04,332.57,332.57,331.65,331.84,5717
2020-06-05,331.78,333.49,331.78,332.9,4735
2020-06-08,333.27,334.94,333.27,334.79,4548
2020-06-09,334.81,335.38,334.7,335.06,7129
2020-06-10,334.56,335.3,334.56,334.88,5602
2020-06-11,334.67,334.8,333.34,333.34,6448
2020-06-12,333.35,334.45,333.17,334.45,5590
2020-06-15,334.9,336.13,334.9,335.42,4543
2020-06-16,335.52,335.52,334.68,335.36,3928
2020-06-17,335.28,335.78,335.16,335.78,4829
2020-06-24,338.41,338.82,337.33,338.82,4699
2020-06-19,337.1,337.79,336.73,337.6,4215
2020-06-22,337.46,340.1,337.46,339.35,3659
2020-06-23,339.49,339.49,338.45,338.45,5865
2020-06-18,335.56,336.75,335.56,336.75,5305
2020-06-25,339.28,340.35,339.27,339.34,5251
2020-06-26,339.57,340.39,339.31,340.32,4621
2020-06-29,340.98,341.7,340.5,340.5,5346
2020-06-30,340.08,340.84,339.92,340.84,5317
2020-07-01,341.0,341.0,339.95,340.29,5443
2020-07-02,340.39,340.48,338.85,340.21,5505
2020-07-03,340.47,340.47,338.93,339.0,6274
2020-07-06,338.82,339.7,338.34,338.66,4703
2020-07-07,338.78,340.96,338.78,340.96,5914
2020-07-09,338.07,338.07,336.15,336.15,6306
2020-07-10,336.44,336.46,335.42,335.44,4803
2020-07-13,335.45,335.86,334.18,334.18,4101
2020-07-14,334.72,334.81,334.4,334.6,3152
2020-07-15,334.42,336.28,334.42,335.18,6080
2020-07-16,334.98,335.06,334.33,334.33,5423
2020-07-17,334.26,337.3,334.26,337.3,5148
2020-07-20,337.44,338.16,336.74,336.74,5724
2020-07-21,337.06,338.48,336.81,338.41,4886
2020-07-22,338.88,339.45,338.59,339.41,5434
2020-07-23,338.6,339.69,338.6,339.19,3321
2020-07-24,338.91,339.17,338.11,339.17,3386
2020-07-27,338.98,338.98,338.3,338.3,4629
2020-07-28,338.42,338.42,337.91,338.09,4351
2020-07-29,337.7,337.7,336.96,337.59,3850
2020-07-30,337.66,340.38,337.66,340.38,6680
2020-07-31,340.71,342.5,340.71,342.4,4893
2020-08-03,341.95,342.97,341.8,342.97,3253
2020-08-04,343.64,344.04,342.92,344.04,4863
2020-08-05,344.53,344.91,343.75,343.75,4570
2020-08-06,343.76,343.76,342.68,343.52,4797
07-08-2020,343.59,345.24,343.59,345.24,7108
2020-08-10,344.8,344.8,343.43,344.79,4857
2020-08-11,344.85,345.38,343.3,343.3,4954
2020-08-12,343.84,344.53,343.1,344.53,5876
2020-08-13,344.9,344.9,343.7,343.7,6169
2020-08-17,344.15,344.88,344.06,344.06,3673
2020-08-18,344.29,344.61,344.02,344.38,5145
2020-08-19,344.36,345.36,343.84,344.73,6055
2020-08-27,348.47,348.47,346.23,346.23,5095
2020-08-21,344.97,345.95,344.83,345.59,5214
24-08-2020,345.56,347.54,345.56,347.21,4917
2020-08-26,348.64,349.64,348.45,348.45,4996
2020-08-20,344.97,344.97,344.04,344.43,5852
2020-08-28,346.45,346.45,345.04,345.98,4549
2020-08-31,345.68,346.34,344.96,346.13,5965
2020-09-01,345.54,346.88,345.54,346.88,5836
2020-09-02,346.62,346.81,345.98,345.99,6179
2020-09-03,345.65,345.65,344.29,345.29,4455
2020-09-04,345.04,345.44,344.96,345.08,7205
2020-09-07,345.06,346.4,345.06,346.4,4704
08-09-2020,346.17,346.69,345.25,346.69,5859
2020-09-09,346.99,348.32,346.94,346.94,5651
10-09-2020,346.88,349.75,346.88,349.75,3720
2020-09-11,350.0,351.87,349.86,351.87,4816
2020-09-14,351.94,354.16,351.94,354.16,5287
2020-09-15,353.47,353.47,351.91,351.91,5972
2020-09-16,351.71,351.72,350.98,350.98,6167
2020-09-17,351.18,351.18,349.51,349.85,5409
2020-09-18,351.0,353.53,351.0,353.03,5065
2020-09-21,353.58,354.95,353.45,354.95,5976
2020-09-22,355.37,355.67,354.13,354.13,4744
2020-09-23,353.89,356.44,353.89,356.2,5309
2020-09-24,356.06,356.54,355.68,356.39,4744
2020-09-25,356.6,356.63,356.03,356.58,5526
2020-09-28,356.47,357.47,355.87,356.31,4920
2020-09-29,356.43,356.9,356.09,356.9,5201
2020-09-30,357.38,357.88,357.04,357.19,4928
2020-10-01,358.02,358.91,357.71,357.71,5314
2020-10-02,357.25,357.61,356.69,356.69,5929
2020-10-05,357.45,357.45,356.53,356.95,4635
2020-10-06,357.5,358.27,356.8,358.27,6025
2020-10-07,358.13,358.4,357.68,358.14,4972
2020-10-08,357.53,357.53,356.29,356.52,5292
2020-10-09,355.68,356.2,353.63,353.72,5027
2020-10-12,353.75,353.75,351.77,351.77,5817
2020-10-13,351.77,353.13,351.52,351.52,4821
2020-10-14,352.33,352.74,351.47,351.47,4907
2020-10-15,351.75,352.94,351.37,352.94,6416
2020-10-16,352.47,353.49,352.47,353.49,5512
2020-10-19,352.94,352.94,351.9,352.72,4897
2020-10-20,351.98,351.98,349.42,349.42,6225
2020-10-21,349.29,349.91,347.92,348.34,5749
2020-10-27,348.29,348.6,347.56,347.56,4239
2020-10-23,349.68,350.96,349.68,350.19,5460
2020-10-26,349.8,350.58,348.56,348.56,5445
2020-10-22,349.13,349.13,348.75,348.88,5019
2020-10-28,347.33,347.98,347.33,347.48,5714
2020-10-29,347.87,348.13,347.43,347.64,4385
2020-10-30,347.78,348.24,347.35,348.24,4814
2020-11-02,347.2,348.29,347.2,348.29,4774
2020-11-03,348.01,349.71,348.01,349.71,5608
2020-11-04,349.49,349.49,347.82,348.12,6920
2020-11-05,347.95,348.71,347.7,348.02,5366
2020-11-06,347.82,347.88,346.84,347.71,4139
2020-11-09,347.3,347.36,346.16,346.86,6574
2020-11-10,346.35,346.35,345.1,345.2,6128
2020-11-11,344.67,346.01,344.52,346.01,4836
2020-11-12,345.9,346.31,344.3,344.3,4753
2020-11-13,344.39,344.74,344.28,344.28,4699
2020-11-16,344.42,344.42,342.16,342.16,5357
17-11-2020,341.84,342.55,341.28,341.9,4924
2020-11-18,341.64,341.99,340.81,340.81,3905
2020-11-19,341.01,342.45,340.63,341.54,5037
2020-11-20,341.68,342.48,341.29,341.96,4365
2020-11-23,342.16,342.16,339.17,340.16,4946
2020-11-24,340.27,342.05,340.2,341.09,4727
2020-11-25,341.33,341.56,340.11,340.11,5908
2020-11-26,340.53,344.01,340.53,344.01,6345
2020-11-27,343.88,344.08,342.19,342.19,5754
2020-11-30,342.14,344.23,342.14,344.23,5470
2020-12-01,343.79,344.79,343.32,343.32,4190
2020-12-02,343.21,346.24,343.21,346.24,5058
2020-12-03,346.04,347.17,346.04,347.11,4049
2020-12-04,346.53,348.14,346.53,347.42,4962
2020-12-07,347.22,347.43,346.63,346.81,5271
2020-12-08,347.68,348.64,347.53,348.64,4836
2020-12-09,348.08,348.55,346.67,348.55,3671
2020-12-10,349.2,349.53,348.1,348.1,4792
11-12-2020,347.67,348.42,346.96,348.26,5215
14-12-2020,348.54,348.54,347.04,347.04,6915
2020-12-15,347.01,347.01,345.89,346.87,4652
2020-12-16,347.23,348.75,347.23,348.75,4301
2020-12-17,348.55,348.58,347.63,347.99,5799
2020-12-18,348.23,348.44,346.71,346.71,5015
2020-12-21,347.11,347.8,347.11,347.72,6565
2020-12-22,347.63,347.75,346.82,347.18,5366
2020-12-23,346.97,347.72,346.72,347.1,4128
2020-12-24,346.89,347.87,346.8,347.87,5133
2020-12-25,348.08,350.74,348.08,350.74,5530
2020-12-28,350.45,351.52,350.45,350.93,5425
2020-12-29,351.02,352.97,351.02,352.95,4656
2020-12-30,352.59,352.91,352.11,352.78,5063
2020-12-31,352.56,354.88,352.56,354.88,5275
2021-01-01,354.65,355.92,354.65,355.92,4306
2021-01-04,355.68,355.86,355.29,355.51,5477
2021-01-05,355.64,356.16,355.49,356.16,4893
2021-01-06,356.24,357.43,356.24,356.93,5720
2021-01-07,356.8,357.95,356.5,357.95,4519
2021-01-08,358.21,358.21,356.88,357.15,5116
2021-01-11,357.29,357.29,356.56,356.56,5102
2021-01-12,356.58,357.33,354.77,355.19,3639
2021-01-13,355.44,357.18,355.44,357.18,5011
2021-01-14,357.04,357.04,355.5,355.5,6567
2021-01-15,355.13,355.24,354.77,354.77,6595
2021-01-18,355.03,355.38,353.7,353.7,5697
2021-01-19,353.24,353.89,353.0,353.89,4212
2021-01-20,353.75,354.72,353.65,354.53,5922
2021-01-21,354.23,354.63,352.69,352.69,3594
2021-01-22,352.73,352.73,351.48,352.67,3956
2021-01-25,352.76,353.17,352.22,352.22,4568
2021-01-26,352.32,353.1,352.32,352.85,4733
2021-01-27,353.34,353.52,351.91,352.26,6093
2021-01-28,352.74,352.74,351.54,352.09,5446
2021-01-29,351.96,352.84,351.96,352.15,5171
2021-02-01,352.33,352.87,352.3,352.3,4609
2021-02-02,352.07,352.55,352.07,352.53,3665
2021-02-03,352.8,354.18,352.8,354.18,4345
2021-02-04,353.82,354.29,352.99,353.09,5163
2021-02-05,353.11,354.71,353.11,354.08,4718
2021-02-08,354.53,354.83,353.72,353.72,6132
2021-02-09,354.2,354.2,353.2,353.25,6466
2021-02-10,353.24,353.86,352.46,352.46,4844
2021-02-11,352.44,352.44,349.24,349.24,5257
2021-02-12,349.32,350.48,349.32,350.48,4954
2021-02-15,350.52,351.73,350.52,351.69,5327
2021-02-16,351.85,351.85,351.37,351.8,6811
2021-02-17,351.57,352.26,351.57,351.76,3967
2021-02-18,351.96,352.27,351.36,352.27,4392
2021-02-19,352.21,353.55,352.21,353.39,5212
2021-02-22,352.91,353.58,352.91,353.58,5853
2021-02-23,353.54,353.98,353.43,353.43,5338
2021-02-24,353.11,353.65,352.77,353.65,4790
2021-02-25,353.6,354.6,353.6,354.6,4903
2021-02-26,354.52,354.52,352.17,352.97,4858
01-03-2021,353.24,354.04,353.24,354.04,4392
2021-03-02,353.75,354.17,353.51,354.02,5312
2021-03-03,354.63,355.0,353.83,354.08,5938
2021-03-04,353.98,355.73,353.98,355.73,5300
2021-03-05,355.86,356.75,355.33,355.33,6010
2021-03-08,355.47,357.14,355.47,357.04,4352
2021-03-09,357.12,358.47,357.12,358.47,5640
2021-03-10,358.39,358.39,355.46,355.46,5782
2021-03-11,355.89,355.89,355.44,355.57,4769
2021-03-12,355.94,355.94,355.48,355.78,4367
2021-03-15,355.55,355.7,354.91,354.96,6527
2021-03-16,355.37,355.77,355.07,355.09,5504
2021-03-17,355.38,355.43,354.37,354.37,6184
2021-03-18,354.35,355.6,354.2,355.12,5767
2021-03-19,355.31,357.08,355.31,356.99,4827
2021-03-22,356.44,357.31,356.44,356.9,5075
2021-03-23,356.57,357.11,356.38,356.78,4052
2021-03-24,356.72,356.72,355.4,355.4,5452
2021-03-25,355.6,355.6,354.55,354.9,5785
2021-03-26,354.79,355.33,354.71,355.19,5696
2021-03-29,355.62,356.11,355.62,355.92,5601
2021-03-30,356.16,356.62,354.98,354.98,5028
2021-03-31,354.61,355.42,354.23,355.42,3825
2021-04-01,355.8,355.8,353.06,353.06,5155
2021-04-02,353.15,353.15,352.65,352.95,7339
2021-04-05,353.27,354.14,352.93,354.14,6118
06-04-2021,354.62,354.62,353.97,354.23,4495
2021-04-07,354.13,354.53,353.92,353.92,5314
2021-04-08,353.63,353.72,352.85,352.85,4561
2021-04-09,353.12,353.12,351.15,351.15,6136
2021-04-12,350.82,351.43,349.91,351.43,5075
2021-04-13,351.55,353.13,351.55,352.9,4927
2021-04-14,352.49,352.54,351.66,352.49,4412
2021-04-15,352.91,354.01,352.81,353.77,5523
2021-04-16,354.34,354.34,353.48,353.67,4578
2021-04-19,354.15,354.73,353.67,353.88,3741
2021-04-20,353.52,354.07,353.52,354.07,3635
2021-04-21,354.39,354.39,351.94,351.94,4057
2021-04-22,351.99,352.42,350.9,350.91,4770
2021-04-23,351.18,351.39,349.66,349.78,5097
26-04-2021,349.56,350.84,349.56,349.82,4970
2021-04-27,349.45,350.09,348.8,348.8,4505
2021-04-28,348.99,348.99,348.18,348.18,5152
2021-04-29,348.22,348.78,347.86,347.86,5890
2021-04-30,347.83,348.76,347.75,348.76,3011
2021-05-03,348.99,349.96,348.99,349.96,4754
2021-05-04,350.09,351.31,350.09,351.3,4046
2021-05-05,351.59,351.59,350.34,350.35,5747
2021-05-06,350.86,351.06,349.8,349.8,5190
2021-05-07,350.25,350.63,350.01,350.63,5592
2021-05-10,350.67,351.29,350.08,351.29,4750
2021-05-11,351.33,352.07,351.04,352.07,5481
2021-05-12,352.26,352.26,351.44,351.44,6238
2021-05-13,351.54,351.54,349.54,349.75,5480
2021-05-14,350.05,350.58,349.81,349.81,5172
2021-05-17,350.03,350.03,348.31,348.41,5201
2021-05-18,348.67,349.14,348.23,348.88,4877
2021-05-19,349.07,350.18,349.07,349.67,4639
2021-05-20,349.55,350.24,349.55,350.24,3674
2021-05-21,350.76,351.85,350.6,351.85,4789
2021-05-24,351.79,352.93,351.79,352.15,5803
2021-05-26,352.43,352.51,352.08,352.33,5125
2021-05-27,352.69,353.51,352.17,352.17,4736
2021-05-28,352.31,352.56,351.98,352.19,4837
2021-05-31,352.21,352.51,351.78,351.78,6112
01-06-2021,351.63,354.37,351.58,354.37,5440
2021-06-02,354.27,356.1,353.96,355.29,5348
2021-06-03,355.13,356.66,354.86,356.66,4025
2021-06-04,357.05,358.52,356.64,358.52,2698
2021-06-07,358.37,359.8,358.37,359.8,4788
2021-06-08,359.85,361.31,359.85,361.31,5213
2021-06-14,362.44,362.44,361.85,362.18,2969
2021-06-15,362.3,362.3,361.4,361.4,4682
2021-06-11,363.33,363.33,362.29,362.66,4882
2021-06-09,360.95,361.63,360.87,361.04,4088
2021-06-10,360.93,363.42,360.93,363.42,4778
2021-06-16,361.44,361.63,360.43,360.43,5802
2021-06-17,360.41,360.41,359.63,359.9,4899
2021-06-18,359.96,359.99,358.63,359.18,3738
2021-06-21,359.87,360.67,359.87,360.67,6059
2021-06-22,361.08,361.59,359.38,360.33,5763
2021-06-23,360.39,361.33,360.39,360.88,4465
24-06-2021,360.84,361.77,360.31,361.77,5394
2021-06-25,361.69,361.69,360.68,360.68,4401
2021-06-28,360.59,360.59,359.35,359.35,4994
2021-06-29,359.35,359.35,358.12,358.69,5040
2021-06-30,358.44,359.29,358.44,359.04,4973
2021-07-01,359.27,361.14,359.27,360.28,4895
2021-07-06,360.43,360.75,359.89,360.32,4247
2021-07-02,360.11,360.11,358.75,359.34,3958
2021-07-07,360.27,360.44,358.46,358.46,6188
2021-07-08,357.66,357.66,355.66,355.66,4816
2021-07-09,355.54,355.73,354.74,355.04,4867
2021-07-12,355.14,357.3,355.14,357.3,4906
2021-07-13,357.08,357.08,355.95,355.99,5481
2021-07-14,356.33,358.13,356.3,356.94,5323
2021-07-15,356.86,358.34,356.86,357.22,5327
2021-07-16,357.56,358.19,356.35,358.19,5210
2021-07-19,358.08,358.84,356.18,356.27,4103
2021-07-20,355.85,355.85,352.83,354.31,3037
2021-07-21,354.03,354.34,353.53,353.65,3704
2021-07-22,353.3,353.52,352.21,352.21,4726
2021-07-23,352.52,352.52,350.96,352.44,5906
2021-07-26,352.46,354.73,352.46,354.73,5852
2021-07-27,354.45,356.22,354.45,355.21,4858
2021-07-28,355.32,355.32,354.42,354.59,4770
2021-07-29,354.95,356.07,353.71,356.07,4822
2021-07-30,355.95,358.96,355.95,358.6,5755
2021-08-02,358.78,358.78,356.73,356.73,5822
2021-08-03,356.25,356.74,355.82,356.55,4248
2021-08-04,356.97,357.06,355.36,355.48,5667
2021-08-05,355.41,356.21,354.98,355.65,5215
2021-08-06,355.7,357.43,355.19,357.07,5136
2021-08-09,357.42,357.42,355.8,357.02,6462
2021-08-10,357.27,358.24,357.27,358.09,4786
2021-08-11,358.59,360.32,358.59,360.32,4490
2021-08-12,360.59,360.59,357.71,358.14,5968
2021-08-13,357.41,357.41,356.24,356.24,4617
2021-08-16,356.18,357.58,355.88,357.37,3994
2021-08-17,357.67,357.67,355.92,355.92,6002
2021-08-18,356.39,356.99,354.72,354.84,4730
2021-08-19,354.51,356.01,354.51,355.9,4663
2021-08-20,355.67,356.88,355.04,355.22,5339
2021-08-23,355.52,355.52,354.01,354.01,5453
2021-08-24,353.08,353.08,351.43,351.89,4147
2021-08-25,351.61,352.1,349.03,349.24,6943
2021-08-26,349.72,349.72,348.95,348.95,6527
2021-08-27,349.47,351.98,349.29,351.98,6160
2021-08-30,352.21,353.13,351.96,353.13,4248
2021-08-31,352.95,352.95,351.67,352.13,4894
2021-09-01,351.1,353.4,351.1,352.79,3851
2021-09-02,353.33,356.01,353.33,356.01,4874
2021-09-03,355.8,355.8,353.61,353.61,5256
2021-09-06,352.81,352.81,351.27,351.4,4079
2021-09-07,351.67,352.31,351.24,351.24,4934
2021-09-08,351.41,353.15,350.22,353.15,5212
2021-09-09,353.05,353.23,351.76,352.64,5669
2021-09-10,353.45,353.45,352.23,352.37,6329
2021-09-13,352.83,354.47,352.83,354.16,4575
2021-09-14,354.06,356.2,353.91,356.08,6653
2021-09-15,356.78,358.29,356.78,357.2,3228
2021-09-16,357.32,359.24,357.32,358.58,5319
2021-09-17,359.18,359.18,357.42,357.47,3691
2021-09-20,358.01,359.03,357.98,358.24,4649
2021-09-21,358.05,358.05,355.89,355.89,5161
2021-09-22,355.99,357.16,355.88,356.33,4715
2021-09-23,356.86,357.73,356.86,357.73,5265
2021-09-24,357.78,357.78,356.17,356.3,5081
2021-09-27,355.4,357.06,354.46,357.06,5429
2021-09-28,357.69,358.26,356.83,358.07,5512
2021-09-29,358.27,358.27,356.24,356.24,4044
2021-09-30,356.54,357.62,356.17,356.17,5821
2021-10-01,356.1,356.54,355.34,355.34,4013
2021-10-04,355.59,355.59,353.67,353.67,5967
05-10-2021,353.75,354.75,353.75,353.85,4756
2021-10-06,353.31,353.31,351.57,351.9,6246
2021-10-07,351.41,351.66,349.96,349.96,5651
2021-10-08,349.67,349.67,348.81,349.33,5018
2021-10-11,349.35,351.12,349.35,351.12,4633
12-10-2021,351.27,353.55,351.27,352.77,3949
2021-10-13,353.3,354.13,353.08,353.31,4938
2021-10-14,353.33,355.82,353.33,355.82,6104
2021-10-15,356.35,356.7,355.82,355.82,4180
2021-10-18,356.61,357.9,356.61,357.68,4770
2021-10-19,358.67,359.94,358.64,359.94,5853
2021-10-20,360.12,361.35,360.06,360.72,5914
2021-10-21,360.32,360.45,359.3,360.31,4503
22-10-2021,359.73,359.81,358.02,358.02,5654
2021-10-27,358.94,359.27,357.77,359.27,5109
2021-10-26,357.97,358.91,357.92,358.75,4168
2021-10-25,358.24,358.81,357.82,358.0,5814
2021-10-28,359.39,361.46,359.39,361.38,5350
2021-10-29,361.42,361.69,360.37,361.32,5552
2021-11-01,361.14,361.43,360.18,360.18,3828
2021-11-02,360.58,360.58,359.7,360.22,5180
2021-11-03,360.35,361.09,358.61,358.61,5140
2021-11-04,359.57,361.58,359.57,361.01,5022
05-11-2021,360.51,362.1,359.94,361.26,3770
2021-11-08,361.47,361.83,360.4,361.72,4211
09-11-2021,361.86,362.96,361.29,362.32,5019
2021-11-10,362.25,364.66,362.12,363.73,3727
2021-11-11,363.42,364.96,363.42,364.96,4046
2021-11-12,364.38,365.46,364.38,364.81,4500
2021-11-15,364.29,364.29,361.89,362.59,5112
2021-11-16,362.47,365.1,362.36,364.07,4360
2021-11-17,363.81,364.48,362.56,362.56,5357
2021-11-18,362.6,363.29,361.76,362.2,4857
2021-11-19,362.11,364.36,362.11,364.17,4506
2021-11-22,363.31,363.74,362.61,362.61,4207
2021-11-23,362.37,362.46,360.86,361.91,3700
2021-11-24,361.95,362.65,361.87,362.18,4775
2021-11-25,362.38,362.76,361.64,362.76,5367
2021-11-26,362.51,362.86,361.39,361.39,4564
2021-11-29,360.98,361.61,360.73,360.73,5752
2021-11-30,360.31,361.66,360.31,360.49,6196
2021-12-01,360.37,360.79,359.94,359.94,4667
2021-12-02,360.51,361.9,359.99,361.19,4725
2021-12-03,360.78,360.83,358.18,359.51,3999
2021-12-06,359.72,360.57,359.45,360.57,5255
2021-12-07,360.86,360.88,359.86,360.43,3716
2021-12-08,360.1,360.1,357.5,357.5,5087
2021-12-09,357.82,357.92,357.07,357.07,5698
2021-12-10,357.66,357.66,356.53,356.74,5648
2021-12-13,356.28,356.28,354.27,355.45,5421
2021-12-14,355.44,355.48,354.46,355.14,5914
2021-12-15,355.51,356.24,353.87,355.25,3683
2021-12-16,355.89,357.2,355.89,356.41,4714
2021-12-17,356.11,356.11,353.27,353.58,5311
2021-12-20,354.33,355.79,353.72,355.58,4898
2021-12-21,355.87,356.5,354.76,355.11,5666
2021-12-22,355.02,358.1,355.02,358.1,6782
2021-12-23,358.81,358.81,357.77,357.77,5308
2021-12-24,357.85,358.43,357.35,358.37,4833
2021-12-27,358.3,360.19,358.18,360.19,4598
2021-12-28,359.59,359.89,358.38,359.89,4170
2021-12-29,359.75,361.14,359.35,361.14,4580
2022-01-05,361.29,361.93,361.03,361.15,4049
2021-12-30,361.13,361.2,360.52,361.09,5310
2022-01-03,360.21,361.33,360.21,361.33,6094
2022-01-04,361.48,361.55,361.16,361.17,4645
2021-12-31,361.26,361.26,360.13,360.13,4631
2022-01-06,361.2,361.85,361.2,361.24,4084
2022-01-07,361.74,362.51,361.74,362.04,5471
2022-01-10,362.6,363.71,362.11,362.11,5818
2022-01-11,361.98,363.31,361.98,362.54,5459
2022-01-12,362.9,363.56,362.41,363.56,4470
2022-01-13,363.62,364.11,363.34,363.34,4127
2022-01-14,363.45,363.45,362.33,362.33,4900
2022-01-17,362.58,362.89,362.39,362.57,5500
2022-01-18,362.68,363.82,362.52,363.79,3976
2022-01-19,363.61,364.0,362.94,363.19,4333
2022-01-20,363.12,363.12,361.79,361.79,6349
2022-01-21,361.5,362.3,361.5,362.3,4984
2022-01-24,362.08,362.81,362.08,362.51,4630
2022-01-25,362.07,362.07,359.78,359.78,5213
2022-01-26,359.89,360.05,359.36,359.36,6144
2022-01-27,359.69,360.1,359.21,359.21,3884
2022-01-28,358.74,358.77,357.47,357.47,5858
2022-01-31,357.87,357.87,356.29,356.73,5586
2022-02-01,356.82,356.82,356.31,356.31,5631
2022-02-02,356.44,356.74,355.72,356.74,3838
2022-02-03,356.91,357.63,356.91,357.63,5968
2022-02-04,357.53,357.53,354.85,354.93,6888
2022-02-07,355.23,355.23,353.38,353.38,5064
2022-02-08,353.17,353.32,352.68,352.9,5294
2022-02-09,352.82,353.41,352.67,352.97,6479
2022-02-10,352.46,353.04,352.46,352.48,5667
2022-02-14,351.56,352.52,351.42,352.36,4776
2022-02-15,352.24,353.41,352.01,352.62,5813
2022-02-16,352.78,352.78,351.86,352.09,4927
2022-02-17,351.91,353.36,351.91,353.36,5676
2022-02-18,353.48,354.61,353.48,354.17,4273
2022-02-21,354.11,354.11,352.57,352.98,6229
22-02-2022,352.98,354.0,352.98,353.34,4266
2022-02-23,353.22,354.53,353.22,354.38,5660
2022-02-24,354.82,355.33,354.55,355.33,4310
2022-02-25,355.64,357.54,355.64,357.54,5890
2022-02-28,357.51,358.39,357.27,358.39,5258
2022-03-01,358.15,358.15,356.99,356.99,4146
02-03-2022,357.04,357.44,356.44,356.57,5552
03-03-2022,356.4,357.89,356.4,356.54,4651
2022-03-04,356.62,356.62,354.73,355.2,3494
2022-03-07,355.42,356.89,355.42,356.27,4616
2022-03-08,356.17,356.68,355.63,356.1,5045
2022-03-09,356.0,356.51,355.86,356.02,5784
2022-03-10,356.18,356.8,355.68,356.64,4830
2022-03-11,356.64,357.0,356.37,356.73,4877
2022-03-14,356.41,356.41,354.62,354.62,5939
2022-03-15,354.84,355.38,354.5,355.36,4034
2022-03-16,355.57,355.57,353.95,353.95,5815
2022-03-18,353.66,353.66,353.1,353.21,4879
2022-03-21,353.26,353.9,352.63,352.63,5096
2022-03-22,353.01,353.03,352.48,353.03,5193
2022-03-23,352.61,353.38,352.05,352.05,5980
2022-03-24,352.38,352.67,351.79,351.79,4139
2022-03-25,351.17,351.17,349.1,349.45,6699
2022-03-28,349.58,350.53,349.58,350.53,4530
2022-03-29,350.64,351.41,350.35,351.21,3759
2022-03-30,351.46,351.96,351.21,351.96,4420
2022-03-31,351.32,352.75,351.32,352.75,5262
2022-04-01,352.85,353.51,352.85,353.48,4874
2022-04-04,353.08,353.91,352.59,352.59,5942
2022-04-05,352.22,353.99,352.22,353.99,4490
2022-04-06,353.95,354.47,352.51,354.47,5559
2022-04-07,354.62,355.64,354.41,355.64,5185
2022-04-08,355.31,355.55,354.06,354.41,5329
2022-04-11,354.28,355.38,354.28,355.16,4766
2022-04-12,355.66,355.66,354.19,354.21,4016
2022-04-13,353.77,354.49,353.35,354.37,6679
2022-04-14,354.49,354.74,354.3,354.3,4365
2022-04-15,354.19,354.46,353.44,354.46,3870
2022-04-18,354.67,355.78,354.52,355.78,4633
2022-04-19,355.91,357.57,355.91,357.44,4111
2022-04-20,357.18,357.18,356.49,357.03,5459
2022-04-21,357.08,357.08,356.42,356.78,5769
2022-04-22,356.53,357.17,356.53,357.09,5494
2022-04-25,357.04,357.04,355.63,356.13,4382
2022-04-26,355.71,356.86,355.71,355.91,5257
2022-04-27,355.66,355.81,354.41,354.81,5513
2022-04-28,354.95,355.67,354.95,355.09,4300
2022-04-29,355.39,355.81,354.72,355.37,5153
2022-05-02,354.79,354.96,353.84,354.47,5314
2022-05-03,354.16,354.36,353.42,354.36,5188
2022-05-04,353.97,354.26,352.98,353.01,5581
2022-05-05,353.09,353.66,352.35,353.13,5867
2022-05-06,353.24,353.8,353.15,353.29,4790
2022-05-09,353.15,353.66,353.15,353.35,5423
2022-05-10,353.63,354.54,353.63,354.54,5491
2022-05-11,354.78,354.78,351.95,352.6,4511
2022-05-12,352.85,353.72,352.44,353.72,4586
2022-05-13,353.95,353.95,352.72,352.82,6430
2022-05-16,353.34,354.33,353.34,354.14,6276
2022-05-17,354.1,356.65,354.1,356.65,4761
2022-05-18,356.56,357.42,356.3,357.32,4568
2022-05-19,357.66,357.76,356.08,356.08,5707
2022-05-20,355.77,356.33,355.5,356.05,6122
2022-05-23,356.11,356.41,355.93,356.41,5272
2022-05-24,356.69,357.66,356.69,357.29,5780
2022-05-25,356.72,357.02,356.6,356.78,4398
2022-05-26,357.01,357.01,356.43,356.84,4203
2022-05-27,356.9,358.06,356.4,358.06,4708
2022-05-30,357.63,357.63,356.18,356.18,3495
2022-05-31,355.93,357.06,355.93,356.94,5114
2022-06-01,356.91,356.91,356.19,356.27,6005
2022-06-02,356.25,356.64,355.81,356.04,5970
2022-06-03,356.1,356.1,355.5,355.63,6587
2022-06-06,355.54,356.14,355.46,355.69,5395
2022-06-07,355.37,355.95,354.88,355.65,4625
2022-06-08,355.85,356.63,355.66,355.92,4104
2022-06-09,355.77,356.07,355.24,355.24,4988
2022-06-10,355.28,356.77,355.28,356.08,6699
2022-06-13,356.07,356.32,355.84,356.06,5340
2022-06-14,356.25,356.51,355.6,355.96,4647
2022-06-15,356.4,357.77,356.4,357.39,5009
2022-06-16,357.54,358.01,357.24,357.86,4985
2022-06-17,358.04,359.29,358.04,358.26,4053
2022-06-20,358.44,358.44,357.42,357.64,4789
2022-06-21,357.63,357.81,357.0,357.14,4889
2022-06-22,356.88,356.88,356.32,356.7,6084
2022-06-23,356.71,356.87,356.16,356.22,6398
2022-06-24,356.12,357.1,356.12,356.82,3649
2022-06-27,357.08,357.08,355.82,356.68,5663
2022-06-28,356.73,356.96,356.71,356.72,4047
2022-06-29,357.18,358.42,356.96,356.96,5113
2022-06-30,357.15,358.66,357.08,357.08,5504
2022-07-01,357.67,357.67,356.27,356.27,4903
2022-07-04,356.48,356.48,354.62,354.62,4721
2022-07-05,355.58,355.58,353.67,353.71,4950
2022-07-06,353.06,355.27,352.74,355.27,5005
2022-07-07,354.98,355.18,354.35,355.18,5580
2022-07-08,355.63,355.63,352.02,352.02,4951
2022-07-11,351.45,353.49,351.16,353.49,4233
2022-07-12,354.34,354.38,353.46,353.46,3921
2022-07-13,354.22,354.22,353.63,353.64,4861
2022-07-14,353.05,355.0,353.05,354.8,5658
2022-07-15,354.8,354.96,354.25,354.96,4966
2022-07-18,355.64,357.98,355.56,357.98,4932
2022-07-19,358.26,358.89,357.73,358.53,4776
2022-07-20,358.39,360.06,357.44,360.06,6051
2022-07-21,359.45,360.8,359.45,360.56,4962
2022-07-22,359.99,360.86,359.99,360.86,4517
2022-07-25,360.95,362.04,360.56,361.57,5314
2022-07-26,361.02,361.02,359.26,359.27,5111
2022-07-27,359.31,360.9,359.28,360.9,5927
2022-07-28,360.43,361.9,360.43,361.3,4617
2022-07-29,361.07,361.07,360.52,360.88,3387
2022-08-01,360.62,360.62,358.28,358.28,3690
2022-08-02,358.18,359.21,358.04,359.21,5161
2022-08-03,359.0,359.0,356.37,356.37,5272
2022-08-04,357.18,358.53,356.85,358.51,4479
2022-08-05,358.39,360.16,358.11,359.16,6226
2022-08-08,359.61,359.61,358.11,358.11,5867
2022-08-09,357.99,358.62,357.01,358.26,6151
2022-08-10,358.21,358.21,356.72,357.06,4911
2022-08-11,356.71,356.71,354.22,354.63,5350
2022-08-12,354.36,356.54,354.36,355.93,3814
2022-08-15,356.76,358.11,356.65,358.11,4884
2022-08-16,358.28,358.71,355.28,355.48,5059
2022-08-17,355.59,356.11,354.73,354.73,5083
2022-08-18,354.42,356.86,354.42,356.86,3965
2022-08-19,357.79,358.06,357.1,357.56,5060
2022-08-22,357.48,358.04,356.41,356.99,3713
2022-08-23,356.53,356.53,354.32,354.57,4523
2022-08-24,354.53,355.03,353.96,355.03,6079
2022-08-25,355.01,356.04,354.99,355.54,3819
2022-08-26,355.5,355.5,353.79,353.79,5631
2022-08-29,353.32,353.32,350.34,350.66,5277
2022-08-30,350.98,351.14,349.24,350.69,4777
2022-08-31,350.8,351.3,349.45,349.45,5179
2022-09-01,349.1,349.73,348.58,348.58,4402
2022-09-02,347.94,348.27,345.48,345.48,4891
2022-09-05,345.86,347.46,345.86,346.59,5122
2022-09-06,347.04,347.04,344.72,345.39,4836
2022-09-07,345.68,345.83,344.4,344.4,6280
2022-09-08,344.43,344.43,342.3,342.75,4223
2022-09-09,343.19,344.79,343.15,344.52,4474
2022-09-12,344.19,345.4,343.51,344.99,4424
13-09-2022,344.92,344.92,343.34,343.79,3934
2022-09-14,344.02,344.02,342.94,342.94,5780
2022-09-15,342.87,342.99,342.18,342.99,4792
2022-09-16,343.27,343.75,341.81,343.04,5278
2022-09-19,342.86,343.62,342.5,342.65,5997
2022-09-20,342.49,344.0,342.49,343.01,5712
2022-09-21,343.19,344.53,342.87,344.53,5817
2022-09-22,344.62,345.49,344.02,344.42,4350
2022-09-23,345.19,345.3,344.32,344.92,4338
2022-09-26,345.32,346.46,345.32,346.12,4775
2022-09-27,346.09,346.09,344.3,344.3,4407
2022-09-28,344.61,345.85,344.57,344.57,3412
2022-09-29,345.0,346.09,344.66,346.09,4341
2022-09-30,346.33,346.59,345.24,345.93,4996
2022-10-03,346.09,347.22,345.77,346.99,5008
2022-10-04,347.43,347.43,346.16,346.96,4783
2022-10-05,346.97,347.82,346.11,346.11,5136
2022-10-06,345.77,345.77,342.5,342.5,7122
2022-10-07,341.89,341.89,339.74,339.86,6668
2022-10-12,340.13,340.39,339.03,340.39,5596
2022-10-11,338.26,340.26,338.26,339.75,5309
2022-10-10,340.08,340.08,338.74,338.74,4586
2022-10-13,339.75,340.65,338.43,338.45,4963
2022-10-14,338.73,339.5,338.01,339.33,4941
2022-10-17,339.78,341.73,339.48,341.73,4050
2022-10-18,341.29,342.31,341.29,341.3,4585
2022-10-19,341.26,341.69,339.94,340.69,5957
2022-10-20,340.68,341.84,340.68,340.87,4256
2022-10-21,341.31,341.62,339.72,339.72,6001
2022-10-24,339.52,339.52,337.8,337.81,4381
2022-10-25,336.66,336.99,334.36,334.36,4765
2022-10-26,334.29,334.41,333.05,333.16,5040
2022-10-27,333.6,334.74,332.34,334.74,4450
2022-10-28,334.52,337.81,334.52,337.81,6393
2022-10-31,337.65,339.1,336.69,339.1,5974
2022-11-01,338.58,339.63,338.2,338.2,4027
2022-11-02,337.89,339.82,337.89,339.61,5573
2022-11-03,339.95,342.68,339.95,342.68,5319
2022-11-04,342.61,342.61,340.74,341.61,6419
2022-11-07,341.23,341.38,340.1,340.1,4168
2022-11-08,340.64,341.32,340.21,340.21,6088
2022-11-09,340.3,341.5,340.11,340.18,6764
2022-11-16,336.89,338.01,336.3,338.01,5822
2022-11-14,338.78,340.19,338.4,339.93,5458
2022-11-15,339.87,339.87,337.07,337.07,5142
2022-11-10,339.77,339.77,338.5,339.24,4443
2022-11-17,337.69,338.71,337.11,338.07,5028
2022-11-18,337.33,337.33,335.76,335.98,4276
2022-11-21,336.2,336.59,335.82,335.82,4423
2022-11-25,331.7,332.73,331.7,332.52,6005
2022-11-23,335.47,335.73,333.8,333.8,5682
2022-11-24,333.68,333.68,331.81,331.96,4606
22-11-2022,336.1,336.1,334.74,335.38,5485
2022-11-28,332.35,332.35,331.41,331.68,5186
2022-11-29,331.6,332.07,330.83,332.07,4655
2022-11-30,331.77,333.45,331.52,331.95,5423
2022-12-01,331.58,332.51,331.58,332.03,6010
2022-12-02,332.1,332.26,330.38,330.62,4562
2022-12-05,330.69,330.7,329.99,330.7,4261
2022-12-06,331.18,331.18,327.52,327.52,6400
2022-12-07,327.48,330.51,327.26,330.51,5383
2022-12-08,330.53,331.96,330.48,331.56,4469
2022-12-09,331.35,331.77,329.81,329.81,4604
2022-12-12,329.57,330.23,329.31,329.31,4569
2022-12-13,328.97,329.82,328.68,328.68,6745
2022-12-14,327.8,327.8,324.6,324.6,6575
2022-12-15,324.77,327.47,324.71,327.47,5704
2022-12-16,327.5,328.51,326.52,328.51,4994
2022-12-19,327.97,327.97,325.47,326.49,5666
2022-12-20,326.23,326.48,324.57,324.57,5162
2022-12-21,324.19,324.48,323.44,324.48,5052
2022-12-22,324.98,325.67,324.57,324.57,5797
2022-12-23,324.25,324.92,322.5,322.5,4936
2022-12-26,322.92,323.98,322.91,323.33,4532
27-12-2022,324.02,324.02,321.97,322.17,3209
2022-12-29,320.89,321.69,320.27,321.4,5502
2022-12-30,320.96,322.41,320.96,322.41,4839
2023-01-02,322.97,322.97,320.02,320.02,5292
2023-01-03,320.43,320.43,318.31,318.31,4827
2023-01-04,319.51,319.51,318.07,319.3,3795
2023-01-05,318.59,319.8,317.92,319.8,4215
2023-01-06,319.68,320.63,319.68,320.63,5562
2023-01-09,320.05,321.62,320.05,321.15,4615
2023-01-10,321.19,321.31,320.37,320.97,5053
2023-01-11,321.14,321.14,316.99,316.99,5632
2023-01-12,316.71,317.45,316.56,316.79,5529
2023-01-13,316.99,317.18,316.19,316.19,5222
2023-01-16,315.22,317.51,315.22,317.12,3712
2023-01-17,316.78,316.78,315.02,315.19,4892
2023-01-18,314.79,314.79,311.21,313.04,4739
2023-01-19,313.53,313.61,311.2,312.69,4870
2023-01-20,312.49,313.17,311.48,312.56,5037
2023-01-23,312.76,312.82,311.04,311.19,5096
2023-01-24,311.48,311.54,309.69,309.69,4326
2023-01-25,310.67,310.76,309.31,309.31,4479
2023-01-26,309.74,310.52,309.69,309.83,4811
2023-01-27,309.21,311.54,309.21,310.91,6457
2023-01-30,311.39,311.87,310.38,311.87,3537
2023-01-31,311.32,311.32,308.41,308.41,5259
2023-02-01,308.34,308.34,306.5,306.68,4853
2023-02-02,306.22,309.14,306.22,308.94,4714
2023-02-03,307.81,311.03,307.81,311.03,5706
2023-02-06,310.5,311.03,310.5,310.87,4545
2023-02-13,306.71,306.92,305.25,306.76,4978
2023-02-08,308.64,309.11,308.45,309.11,6059
2023-02-09,308.94,309.07,307.71,307.75,5186
2023-02-10,307.41,307.41,306.57,306.7,6685
2023-02-07,311.16,311.16,308.05,308.05,5727
2023-02-14,307.3,309.12,306.31,309.04,4165
2023-02-15,309.2,313.17,309.2,313.17,5770
2023-02-16,313.9,315.73,313.6,315.01,5029
2023-02-17,314.58,315.77,312.45,312.45,3719
2023-02-20,312.41,314.78,312.41,314.78,5163
2023-02-21,315.21,315.77,314.18,314.96,4889
2023-02-22,314.81,314.81,313.35,313.35,4666
2023-02-24,309.42,310.95,309.42,309.48,3551
2023-02-27,310.91,310.91,309.07,309.49,5719
2023-02-28,308.45,309.09,306.72,309.09,5155
2023-03-01,308.99,312.15,308.99,311.71,6537
2023-03-02,311.57,311.59,310.42,311.19,5461
2023-03-03,310.69,312.3,310.65,311.83,5084
2023-03-06,311.8,315.64,311.8,315.64,5910
2023-03-07,315.68,318.2,315.68,317.27,4513
2023-03-08,317.41,317.41,315.49,315.49,4168
09-03-2023,315.34,315.54,313.68,314.38,6457
2023-03-10,314.98,314.98,312.73,312.74,5637
13-03-2023,313.11,316.01,313.11,314.68,5790
2023-03-14,314.5,315.66,313.97,315.25,5222
2023-03-15,315.44,316.26,315.41,315.41,4760
2023-03-21,316.97,317.82,316.9,317.62,4239
2023-03-17,316.97,317.13,316.41,317.13,5580
2023-03-20,316.88,317.21,316.13,316.13,3964
2023-03-16,315.51,316.94,315.44,316.94,5938
2023-03-22,316.79,316.79,314.17,314.17,4525
2023-03-23,313.57,313.57,311.17,311.17,4070
2023-03-24,310.72,310.89,307.38,307.38,5526
2023-03-27,306.88,308.73,306.88,307.96,3429
2023-03-28,307.79,310.29,307.79,309.41,6280
2023-03-29,310.25,311.28,309.55,311.28,6465
2023-03-30,310.8,313.4,310.8,312.62,5869
2023-03-31,312.54,314.57,312.16,312.59,4190
2023-04-03,311.24,311.24,307.89,307.89,4857
2023-04-04,308.54,308.54,307.52,308.51,5406
2023-04-05,308.87,309.43,308.03,309.31,5813
2023-04-06,309.69,311.25,309.08,309.51,5241
2023-04-07,309.9,311.25,309.59,311.25,3439
2023-04-10,311.62,313.71,311.41,313.71,5070
2023-04-11,313.65,313.65,312.11,313.29,5665
2023-04-12,312.8,314.24,312.8,313.88,5081
2023-04-13,314.5,317.17,314.5,317.17,5400
2023-04-14,317.31,317.31,316.19,316.41,5337
2023-04-17,316.21,316.21,314.56,315.21,5839
2023-04-18,315.47,316.63,314.63,316.63,4495
2023-04-19,316.73,317.29,316.48,316.48,5801
2023-04-20,317.06,317.23,315.77,315.96,4158
2023-04-24,316.23,317.2,316.04,317.09,6816
2023-04-25,317.38,319.32,317.38,319.17,4674
2023-04-26,318.3,320.94,317.43,320.94,6762
2023-04-27,321.12,322.51,321.12,321.94,4050
2023-04-28,321.82,323.86,321.74,323.38,6135
2023-05-01,324.54,325.56,324.52,325.48,4690
2023-05-02,325.55,329.09,324.57,328.89,5722
2023-05-03,329.19,331.41,328.79,328.82,5064
2023-05-04,329.38,329.65,326.87,327.12,5538
2023-05-05,327.47,328.52,325.72,328.52,5463
2023-05-08,328.68,329.87,327.83,328.85,5797
2023-05-09,329.38,329.38,327.57,328.35,4771
2023-05-10,328.81,330.4,328.81,330.4,4815
2023-05-11,330.51,330.51,328.33,329.15,4963
2023-05-12,328.38,328.38,324.93,325.96,3902
2023-05-15,325.24,325.55,323.61,323.64,3531
2023-05-16,324.48,324.79,322.29,323.18,4712
2023-05-18,320.54,320.54,318.29,319.62,5951
2023-05-19,320.01,320.01,318.63,319.84,5806
2023-05-22,320.33,321.32,320.33,320.5,5903
2023-05-23,320.34,321.06,320.0,321.06,4570
2023-05-24,321.86,321.86,318.69,318.75,5010
2023-05-25,317.61,317.77,316.98,317.23,4436
2023-05-26,316.87,317.6,315.83,317.2,5870
2023-05-29,316.76,316.76,313.06,313.41,6157
2023-05-30,313.11,313.56,312.5,312.5,5479
2023-05-31,311.92,313.82,311.85,313.77,4501
2023-06-01,313.21,313.21,311.3,312.94,4275
2023-06-02,313.29,315.03,313.29,314.24,5323
2023-06-05,313.86,314.64,312.73,313.83,4982
2023-06-06,313.54,315.47,313.36,313.92,4710
2023-06-07,313.79,315.16,312.68,312.68,6900
2023-06-08,311.53,312.41,310.95,312.41,4825
2023-06-09,312.49,313.4,311.91,312.93,4796
2023-06-12,312.8,312.8,308.76,308.76,5909
2023-06-13,308.93,308.93,307.8,307.96,6498
2023-06-14,307.6,309.02,307.6,308.38,5005
2023-06-15,307.69,309.01,307.66,307.66,3085
2023-06-16,307.85,308.93,307.69,308.21,5954
2023-06-19,308.29,310.37,308.29,309.54,4715
2023-06-20,310.32,311.11,309.09,309.09,6661
2023-06-21,308.84,309.65,308.02,309.65,5029
2023-06-22,310.11,310.39,308.61,308.73,5926
2023-06-23,309.18,309.18,307.1,307.85,5003
2023-06-26,308.18,308.24,307.06,308.21,5215
2023-06-27,309.26,310.48,309.26,310.48,6375
2023-06-29,311.08,311.61,309.2,309.2,5023
2023-06-30,309.44,309.44,307.8,309.06,3924
2023-07-03,308.4,308.4,305.3,305.3,5348
2023-07-04,304.77,309.83,304.77,309.83,5783
2023-07-05,310.15,310.49,309.44,310.33,4701
2023-07-06,310.09,310.09,308.61,309.05,5567
2023-07-07,309.78,311.01,309.78,309.99,5968
2023-07-10,310.34,311.45,310.14,311.45,3786
2023-07-11,311.71,311.71,310.59,311.2,4051
12-07-2023,310.29,310.66,309.61,310.66,5358
2023-07-13,311.21,311.21,310.88,311.11,5819
2023-07-14,310.84,313.33,310.45,313.33,6119
2023-07-17,313.73,313.73,312.03,312.03,4117
2023-07-18,311.76,311.79,310.72,310.72,6346
2023-07-19,310.17,313.43,310.17,313.43,6837
2023-07-20,314.05,314.05,312.85,312.85,4161
2023-07-21,312.81,312.85,310.62,310.62,3799
2023-07-24,310.32,311.28,309.81,310.86,6086
2023-07-25,311.11,312.37,310.93,311.81,4332
2023-07-26,312.26,314.23,311.81,314.23,4881
2023-07-27,314.68,316.18,314.05,314.05,5477
2023-07-28,313.62,313.63,312.47,312.47,4471
2023-07-31,312.86,313.74,311.09,311.09,5484
2023-08-01,311.39,312.5,310.72,312.5,6888
2023-08-02,312.57,312.57,311.31,312.39,4131
2023-08-03,312.62,312.62,310.22,310.45,6509
2023-08-04,310.57,311.87,310.57,311.59,5738
2023-08-07,311.84,311.84,310.57,310.57,4668
2023-08-08,309.68,310.58,309.32,309.55,6257
2020-10-12,353.75,353.75,351.77,351.77,5817
2023-04-03,311.24,311.24,307.89,307.89,4857
2021-06-18,359.96,359.99,358.63,359.18,3738
2021-05-04,350.09,351.31,350.09,351.3,4046
2021-03-23,356.57,357.11,356.38,356.78,4052
2022-07-08,355.63,355.63,352.02,352.02,4951
2022-01-14,363.45,363.45,362.33,362.33,4900
2021-08-18,356.39,356.99,354.72,354.84,4730
2019-02-13,342.12,344.14,342.12,342.95,6476
2020-12-22,347.63,347.75,346.82,347.18,5366
2023-07-13,311.21,311.21,310.88,311.11,5819
2022-06-21,357.63,357.81,357.0,357.14,4889
2019-08-16,336.83,337.67,336.77,336.77,4058
2019-02-19,343.49,343.86,342.99,343.86,5489
2023-02-17,314.58,315.77,312.45,312.45,3719
2023-05-04,329.38,329.65,326.87,327.12,5538
2020-04-17,342.17,342.17,339.64,339.64,5410
2022-10-10,340.08,340.08,338.74,338.74,4586
